ID	GROUP	SESSION	DATE	TIME	TRIAL_BLK	BLK_NO	DISTRIBUTION	AMP	LOGICAL_AMP	PHY_BOUND	DISTANCE	TRUE_CAT	SUB RESPONSE	FEEDBACK	RT	CORRECT_B	CORRECT_S	pDISTRIBUTION	pAMP	pphyBOUND	pDISTANCE	pTRUE_CAT	pSUB RESPONSE	pFEEDBACK	pRT	TOTAL_BLK	TOTAL_TRIAL_INBLK	TRIAL_SSE
1	0	1	20260611	155123	1	1	0	72.6426	0.8428	60	12.6426	1	1	1	1.3260933	1	1	---	---	---	---	---	---	---	---	13	30	1
1	0	1	20260611	155126	2	1	0	72.4774	0.8318	60	12.4774	1	1	1	0.9176003	2	2	0	72.6426	60	12.6426	1	1	1	1.3260933	13	30	2
1	0	1	20260611	155129	3	1	0	54.6008	-0.3599	60	5.3992	0	0	1	0.7990508	3	3	0	72.4774	60	12.4774	1	1	1	0.9176003	13	30	3
1	0	1	20260611	155132	4	1	0	68.4614	0.5641	60	8.4614	1	1	1	0.7165651	4	4	0	54.6008	60	5.3992	0	0	1	0.7990508	13	30	4
1	0	1	20260611	155134	5	1	0	69.1095	0.6073	60	9.1095	1	1	1	0.9158763	5	5	0	68.4614	60	8.4614	1	1	1	0.7165651	13	30	5
1	0	1	20260611	155137	6	1	0	58.7594	-0.0827	60	1.2406	0	0	1	0.598257	6	6	0	69.1095	60	9.1095	1	1	1	0.9158763	13	30	6
1	0	1	20260611	155139	7	1	0	61.2246	0.0816	60	1.2246	1	1	1	4.7862861	7	7	0	58.7594	60	1.2406	0	0	1	0.598257	13	30	7
1	0	1	20260611	155146	8	1	0	49.2657	-0.7156	60	10.7343	0	0	1	0.732109	8	8	0	61.2246	60	1.2246	1	1	1	4.7862861	13	30	8
1	0	1	20260611	155148	9	1	0	66.0982	0.4065	60	6.0982	1	1	1	0.6335098	9	9	0	49.2657	60	10.7343	0	0	1	0.732109	13	30	9
1	0	1	20260611	155151	10	1	0	64.9318	0.3288	60	4.9318	1	0	0	0.6646576	9	9	0	66.0982	60	6.0982	1	1	1	0.6335098	13	30	10
1	0	1	20260611	155153	11	1	0	56.2895	-0.2474	60	3.7105	0	0	1	0.6324944	10	10	0	64.9318	60	4.9318	1	0	0	0.6646576	13	30	11
1	0	1	20260611	155155	12	1	0	49.2026	-0.7198	60	10.7974	0	0	1	0.9483634	11	11	0	56.2895	60	3.7105	0	0	1	0.6324944	13	30	12
1	0	1	20260611	155158	13	1	0	46.4458	-0.9036	60	13.5542	0	0	1	1.0645693	12	12	0	49.2026	60	10.7974	0	0	1	0.9483634	13	30	13
1	0	1	20260611	155201	14	1	0	51.8203	-0.5453	60	8.1797	0	0	1	0.9020517	13	13	0	46.4458	60	13.5542	0	0	1	1.0645693	13	30	14
1	0	1	20260611	155204	15	1	0	57.9438	-0.1371	60	2.0562	0	0	1	0.7663901	14	14	0	51.8203	60	8.1797	0	0	1	0.9020517	13	30	15
1	0	1	20260611	155207	16	1	0	57.932	-0.1379	60	2.068	0	0	1	0.615832	15	15	0	57.9438	60	2.0562	0	0	1	0.7663901	13	30	16
1	0	1	20260611	155209	17	1	0	61.1118	0.0741	60	1.1118	1	1	1	1.5375721	16	16	0	57.932	60	2.068	0	0	1	0.615832	13	30	17
1	0	1	20260611	155213	18	1	0	71.1597	0.744	60	11.1597	1	1	1	2.3048395	17	17	0	61.1118	60	1.1118	1	1	1	1.5375721	13	30	18
1	0	1	20260611	155217	19	1	0	55.0387	-0.3308	60	4.9613	0	0	1	1.2665045	18	18	0	71.1597	60	11.1597	1	1	1	2.3048395	13	30	19
1	0	1	20260611	155219	20	1	0	69.2206	0.6147	60	9.2206	1	1	1	0.849635	19	19	0	55.0387	60	4.9613	0	0	1	1.2665045	13	30	20
1	0	1	20260611	155222	21	1	0	67.8039	0.5203	60	7.8039	1	0	0	0.8822989	19	19	0	69.2206	60	9.2206	1	1	1	0.849635	13	30	21
1	0	1	20260611	155225	22	1	0	48.4312	-0.7713	60	11.5688	0	0	1	0.6488131	20	20	0	67.8039	60	7.8039	1	0	0	0.8822989	13	30	22
1	0	1	20260611	155227	23	1	0	46.9109	-0.8726	60	13.0891	0	0	1	1.0981082	21	21	0	48.4312	60	11.5688	0	0	1	0.6488131	13	30	23
1	0	1	20260611	155230	24	1	0	53.2761	-0.4483	60	6.7239	0	0	1	0.9306245	22	22	0	46.9109	60	13.0891	0	0	1	1.0981082	13	30	24
1	0	1	20260611	155232	25	1	0	51.5821	-0.5612	60	8.4179	0	0	1	0.93221	23	23	0	53.2761	60	6.7239	0	0	1	0.9306245	13	30	25
1	0	1	20260611	155235	26	1	0	46.2749	-0.915	60	13.7251	0	0	1	0.7674889	24	24	0	51.5821	60	8.4179	0	0	1	0.93221	13	30	26
1	0	1	20260611	155237	27	1	0	69.5401	0.636	60	9.5401	1	1	1	0.5491665	25	25	0	46.2749	60	13.7251	0	0	1	0.7674889	13	30	27
1	0	1	20260611	155240	28	1	0	50.1676	-0.6555	60	9.8324	0	0	1	0.6513757	26	26	0	69.5401	60	9.5401	1	1	1	0.5491665	13	30	28
1	0	1	20260611	155242	29	1	0	46.6626	-0.8892	60	13.3374	0	0	1	0.7157793	27	27	0	50.1676	60	9.8324	0	0	1	0.6513757	13	30	29
1	0	1	20260611	155244	30	1	0	54.7453	-0.3503	60	5.2547	0	0	1	0.5338193	28	28	0	46.6626	60	13.3374	0	0	1	0.7157793	13	30	30
1	0	1	20260611	155249	1	2	1	64.3834	0.2922	60	4.3834	1	1	1	1.5547415	1	29	0	54.7453	60	5.2547	0	0	1	0.5338193	13	55	31
1	0	1	20260611	155252	2	2	1	65.8685	0.3912	60	5.8685	1	1	1	1.3327461	2	30	1	64.3834	60	4.3834	1	1	1	1.5547415	13	55	32
1	0	1	20260611	155256	3	2	1	70.9513	0.7301	60	10.9513	1	1	1	0.8004293	3	31	1	65.8685	60	5.8685	1	1	1	1.3327461	13	55	33
1	0	1	20260611	155258	4	2	1	71.4192	0.7613	60	11.4192	1	1	1	1.4503155	4	32	1	70.9513	60	10.9513	1	1	1	0.8004293	13	55	34
1	0	1	20260611	155301	5	2	1	67.2984	0.4866	60	7.2984	1	1	1	0.8992572	5	33	1	71.4192	60	11.4192	1	1	1	1.4503155	13	55	35
1	0	1	20260611	155304	6	2	1	68.0737	0.5382	60	8.0737	1	1	1	0.8500226	6	34	1	67.2984	60	7.2984	1	1	1	0.8992572	13	55	36
1	0	1	20260611	155306	7	2	1	58.8439	-0.0771	60	1.1561	0	0	1	0.9333697	7	35	1	68.0737	60	8.0737	1	1	1	0.8500226	13	55	37
1	0	1	20260611	155309	8	2	1	53.0611	-0.4626	60	6.9389	0	0	1	0.6475937	8	36	1	58.8439	60	1.1561	0	0	1	0.9333697	13	55	38
1	0	1	20260611	155311	9	2	1	54.4558	-0.3696	60	5.5442	0	0	1	0.6328598	9	37	1	53.0611	60	6.9389	0	0	1	0.6475937	13	55	39
1	0	1	20260611	155314	10	2	1	58.1746	-0.1217	60	1.8254	0	0	1	0.8488586	10	38	1	54.4558	60	5.5442	0	0	1	0.6328598	13	55	40
1	0	1	20260611	155316	11	2	1	67.3149	0.4877	60	7.3149	1	1	1	1.1160954	11	39	1	58.1746	60	1.8254	0	0	1	0.8488586	13	55	41
1	0	1	20260611	155319	12	2	1	59.5479	-0.0301	60	0.4521	0	1	0	1.4015159	11	39	1	67.3149	60	7.3149	1	1	1	1.1160954	13	55	42
1	0	1	20260611	155322	13	2	1	61.1874	0.0792	60	1.1874	1	0	0	2.2848106	11	39	1	59.5479	60	0.4521	0	1	0	1.4015159	13	55	43
1	0	1	20260611	155326	14	2	1	56.474	-0.2351	60	3.526	0	0	1	0.7488526	12	40	1	61.1874	60	1.1874	1	0	0	2.2848106	13	55	44
1	0	1	20260611	155328	15	2	1	59.9424	-0.0038	60	0.0576	0	0	1	0.7329992	13	41	1	56.474	60	3.526	0	0	1	0.7488526	13	55	45
1	0	1	20260611	155331	16	2	1	57.0445	-0.197	60	2.9555	0	0	1	0.6826961	14	42	1	59.9424	60	0.0576	0	0	1	0.7329992	13	55	46
1	0	1	20260611	155333	17	2	1	58.6567	-0.0896	60	1.3433	0	0	1	0.5813709	15	43	1	57.0445	60	2.9555	0	0	1	0.6826961	13	55	47
1	0	1	20260611	155335	18	2	1	57.2345	-0.1844	60	2.7655	0	0	1	0.6514138	16	44	1	58.6567	60	1.3433	0	0	1	0.5813709	13	55	48
1	0	1	20260611	155338	19	2	1	70.3493	0.69	60	10.3493	1	1	1	0.6507233	17	45	1	57.2345	60	2.7655	0	0	1	0.6514138	13	55	49
1	0	1	20260611	155340	20	2	1	56.594	-0.2271	60	3.406	0	0	1	1.4657226	18	46	1	70.3493	60	10.3493	1	1	1	0.6507233	13	55	50
1	0	1	20260611	155343	21	2	1	55.1147	-0.3257	60	4.8853	0	0	1	0.6163821	19	47	1	56.594	60	3.406	0	0	1	1.4657226	13	55	51
1	0	1	20260611	155345	22	2	1	45.5329	-0.9645	60	14.4671	0	0	1	0.6164076	20	48	1	55.1147	60	4.8853	0	0	1	0.6163821	13	55	52
1	0	1	20260611	155347	23	2	1	56.6424	-0.2238	60	3.3576	0	0	1	0.8665851	21	49	1	45.5329	60	14.4671	0	0	1	0.6164076	13	55	53
1	0	1	20260611	155350	24	2	1	64.6762	0.3117	60	4.6762	1	0	0	1.9162848	21	49	1	56.6424	60	3.3576	0	0	1	0.8665851	13	55	54
1	0	1	20260611	155353	25	2	1	71.5013	0.7668	60	11.5013	1	1	1	0.7830397	22	50	1	64.6762	60	4.6762	1	0	0	1.9162848	13	55	55
1	0	1	20260611	155356	26	2	1	70.6723	0.7115	60	10.6723	1	1	1	1.5316119	23	51	1	71.5013	60	11.5013	1	1	1	0.7830397	13	55	56
1	0	1	20260611	155359	27	2	1	64.3497	0.29	60	4.3497	1	0	0	1.0508612	23	51	1	70.6723	60	10.6723	1	1	1	1.5316119	13	55	57
1	0	1	20260611	155402	28	2	1	63.7345	0.249	60	3.7345	1	1	1	1.9357855	24	52	1	64.3497	60	4.3497	1	0	0	1.0508612	13	55	58
1	0	1	20260611	155405	29	2	1	72.2413	0.8161	60	12.2413	1	1	1	1.3342148	25	53	1	63.7345	60	3.7345	1	1	1	1.9357855	13	55	59
1	0	1	20260611	155408	30	2	1	48.6847	-0.7544	60	11.3153	0	0	1	0.6656739	26	54	1	72.2413	60	12.2413	1	1	1	1.3342148	13	55	60
1	0	1	20260611	155411	31	2	1	58.5099	-0.0993	60	1.4901	0	0	1	0.7805572	27	55	1	48.6847	60	11.3153	0	0	1	0.6656739	13	55	61
1	0	1	20260611	155413	32	2	1	73.1922	0.8795	60	13.1922	1	1	1	1.0988758	28	56	1	58.5099	60	1.4901	0	0	1	0.7805572	13	55	62
1	0	1	20260611	155416	33	2	1	67.1946	0.4796	60	7.1946	1	1	1	1.751302	29	57	1	73.1922	60	13.1922	1	1	1	1.0988758	13	55	63
1	0	1	20260611	155419	34	2	1	58.9694	-0.0687	60	1.0306	0	1	0	2.6167819	29	57	1	67.1946	60	7.1946	1	1	1	1.751302	13	55	64
1	0	1	20260611	155424	35	2	1	54.136	-0.3909	60	5.864	0	0	1	0.7665842	30	58	1	58.9694	60	1.0306	0	1	0	2.6167819	13	55	65
1	0	1	20260611	155426	36	2	1	56.5652	-0.229	60	3.4348	0	0	1	0.6145258	31	59	1	54.136	60	5.864	0	0	1	0.7665842	13	55	66
1	0	1	20260611	155428	37	2	1	58.7144	-0.0857	60	1.2856	0	0	1	0.5816159	32	60	1	56.5652	60	3.4348	0	0	1	0.6145258	13	55	67
1	0	1	20260611	155431	38	2	1	62.9261	0.1951	60	2.9261	1	0	0	0.7640243	32	60	1	58.7144	60	1.2856	0	0	1	0.5816159	13	55	68
1	0	1	20260611	155433	39	2	1	58.6519	-0.0899	60	1.3481	0	0	1	0.9505264	33	61	1	62.9261	60	2.9261	1	0	0	0.7640243	13	55	69
1	0	1	20260611	155436	40	2	1	73.2909	0.8861	60	13.2909	1	1	1	0.5998691	34	62	1	58.6519	60	1.3481	0	0	1	0.9505264	13	55	70
1	0	1	20260611	155438	41	2	1	50.7408	-0.6173	60	9.2592	0	0	1	1.0499589	35	63	1	73.2909	60	13.2909	1	1	1	0.5998691	13	55	71
1	0	1	20260611	155441	42	2	1	58.1343	-0.1244	60	1.8657	0	0	1	0.5834359	36	64	1	50.7408	60	9.2592	0	0	1	1.0499589	13	55	72
1	0	1	20260611	155443	43	2	1	57.9876	-0.1342	60	2.0124	0	0	1	1.483771	37	65	1	58.1343	60	1.8657	0	0	1	0.5834359	13	55	73
1	0	1	20260611	155446	44	2	1	54.8207	-0.3453	60	5.1793	0	0	1	0.7495096	38	66	1	57.9876	60	2.0124	0	0	1	1.483771	13	55	74
1	0	1	20260611	155448	45	2	1	62.6849	0.179	60	2.6849	1	1	1	1.4822048	39	67	1	54.8207	60	5.1793	0	0	1	0.7495096	13	55	75
1	0	1	20260611	155451	46	2	1	63.432	0.2288	60	3.432	1	1	1	0.5340735	40	68	1	62.6849	60	2.6849	1	1	1	1.4822048	13	55	76
1	0	1	20260611	155453	47	2	1	58.7909	-0.0806	60	1.2091	0	1	0	1.6156995	40	68	1	63.432	60	3.432	1	1	1	0.5340735	13	55	77
1	0	1	20260611	155457	48	2	1	54.6751	-0.355	60	5.3249	0	0	1	1.2994692	41	69	1	58.7909	60	1.2091	0	1	0	1.6156995	13	55	78
1	0	1	20260611	155500	49	2	1	55.3472	-0.3102	60	4.6528	0	0	1	1.3651803	42	70	1	54.6751	60	5.3249	0	0	1	1.2994692	13	55	79
1	0	1	20260611	155503	50	2	1	56.0301	-0.2647	60	3.9699	0	0	1	1.3165045	43	71	1	55.3472	60	4.6528	0	0	1	1.3651803	13	55	80
1	0	1	20260611	155508	51	2	1	54.9965	-0.3336	60	5.0035	0	1	0	1.6493086	43	71	1	56.0301	60	3.9699	0	0	1	1.3165045	13	55	81
1	0	1	20260611	155512	52	2	1	70.6773	0.7118	60	10.6773	1	1	1	0.599744	44	72	1	54.9965	60	5.0035	0	1	0	1.6493086	13	55	82
1	0	1	20260611	155514	53	2	1	67.6674	0.5112	60	7.6674	1	0	0	0.7167375	44	72	1	70.6773	60	10.6773	1	1	1	0.599744	13	55	83
1	0	1	20260611	155517	54	2	1	61.7323	0.1155	60	1.7323	1	1	1	0.6190128	45	73	1	67.6674	60	7.6674	1	0	0	0.7167375	13	55	84
1	0	1	20260611	155519	55	2	1	59.5984	-0.0268	60	0.4016	0	0	1	1.1664635	46	74	1	61.7323	60	1.7323	1	1	1	0.6190128	13	55	85
1	0	1	20260611	155522	1	3	2	46.0506	-0.93	60	13.9494	0	0	1	0.5983688	1	75	1	59.5984	60	0.4016	0	0	1	1.1664635	13	41	86
1	0	1	20260611	155525	2	3	2	59.2949	-0.047	60	0.7051	0	0	1	1.5828502	2	76	2	46.0506	60	13.9494	0	0	1	0.5983688	13	41	87
1	0	1	20260611	155529	3	3	2	58.1174	-0.1255	60	1.8826	0	1	0	1.4495517	2	76	2	59.2949	60	0.7051	0	0	1	1.5828502	13	41	88
1	0	1	20260611	155532	4	3	2	48.2364	-0.7842	60	11.7636	0	0	1	0.8659914	3	77	2	58.1174	60	1.8826	0	1	0	1.4495517	13	41	89
1	0	1	20260611	155535	5	3	2	63.9399	0.2627	60	3.9399	1	1	1	1.5374534	4	78	2	48.2364	60	11.7636	0	0	1	0.8659914	13	41	90
1	0	1	20260611	155538	6	3	2	45.4232	-0.9718	60	14.5768	0	0	1	0.750734	5	79	2	63.9399	60	3.9399	1	1	1	1.5374534	13	41	91
1	0	1	20260611	155540	7	3	2	70.7868	0.7191	60	10.7868	1	1	1	1.7354945	6	80	2	45.4232	60	14.5768	0	0	1	0.750734	13	41	92
1	0	1	20260611	155543	8	3	2	72.7826	0.8522	60	12.7826	1	0	0	0.8335768	6	80	2	70.7868	60	10.7868	1	1	1	1.7354945	13	41	93
1	0	1	20260611	155546	9	3	2	60.2291	0.0153	60	0.2291	1	0	0	0.5317207	6	80	2	72.7826	60	12.7826	1	0	0	0.8335768	13	41	94
1	0	1	20260611	155548	10	3	2	51.0003	-0.6	60	8.9997	0	1	0	1.7179456	6	80	2	60.2291	60	0.2291	1	0	0	0.5317207	13	41	95
1	0	1	20260611	155551	11	3	2	45.6316	-0.9579	60	14.3684	0	0	1	0.5663357	7	81	2	51.0003	60	8.9997	0	1	0	1.7179456	13	41	96
1	0	1	20260611	155554	12	3	2	55.4887	-0.3008	60	4.5113	0	0	1	0.764826	8	82	2	45.6316	60	14.3684	0	0	1	0.5663357	13	41	97
1	0	1	20260611	155556	13	3	2	48.3782	-0.7748	60	11.6218	0	0	1	2.5021517	9	83	2	55.4887	60	4.5113	0	0	1	0.764826	13	41	98
1	0	1	20260611	155601	14	3	2	45.9802	-0.9347	60	14.0198	0	0	1	0.5648373	10	84	2	48.3782	60	11.6218	0	0	1	2.5021517	13	41	99
1	0	1	20260611	155603	15	3	2	69.9638	0.6643	60	9.9638	1	1	1	0.6670057	11	85	2	45.9802	60	14.0198	0	0	1	0.5648373	13	41	100
1	0	1	20260611	155605	16	3	2	61.4945	0.0996	60	1.4945	1	0	0	1.9692375	11	85	2	69.9638	60	9.9638	1	1	1	0.6670057	13	41	101
1	0	1	20260611	155609	17	3	2	60.9759	0.0651	60	0.9759	1	0	0	1.1482855	11	85	2	61.4945	60	1.4945	1	0	0	1.9692375	13	41	102
1	0	1	20260611	155612	18	3	2	61.626	0.1084	60	1.626	1	1	1	0.9826151	12	86	2	60.9759	60	0.9759	1	0	0	1.1482855	13	41	103
1	0	1	20260611	155614	19	3	2	56.7693	-0.2154	60	3.2307	0	0	1	0.7665512	13	87	2	61.626	60	1.626	1	1	1	0.9826151	13	41	104
1	0	1	20260611	155617	20	3	2	58.6219	-0.0919	60	1.3781	0	0	1	0.8480244	14	88	2	56.7693	60	3.2307	0	0	1	0.7665512	13	41	105
1	0	1	20260611	155619	21	3	2	54.8496	-0.3434	60	5.1504	0	0	1	0.8825867	15	89	2	58.6219	60	1.3781	0	0	1	0.8480244	13	41	106
1	0	1	20260611	155621	22	3	2	62.9851	0.199	60	2.9851	1	1	1	0.5000712	16	90	2	54.8496	60	5.1504	0	0	1	0.8825867	13	41	107
1	0	1	20260611	155624	23	3	2	67.3437	0.4896	60	7.3437	1	1	1	0.8989444	17	91	2	62.9851	60	2.9851	1	1	1	0.5000712	13	41	108
1	0	1	20260611	155626	24	3	2	61.0861	0.0724	60	1.0861	1	1	1	1.1856728	18	92	2	67.3437	60	7.3437	1	1	1	0.8989444	13	41	109
1	0	1	20260611	155629	25	3	2	64.77	0.318	60	4.77	1	1	1	0.8646806	19	93	2	61.0861	60	1.0861	1	1	1	1.1856728	13	41	110
1	0	1	20260611	155631	26	3	2	70.2458	0.6831	60	10.2458	1	1	1	1.4717	20	94	2	64.77	60	4.77	1	1	1	0.8646806	13	41	111
1	0	1	20260611	155635	27	3	2	66.6292	0.4419	60	6.6292	1	1	1	1.0661567	21	95	2	70.2458	60	10.2458	1	1	1	1.4717	13	41	112
1	0	1	20260611	155638	28	3	2	51.357	-0.5762	60	8.643	0	0	1	0.7655182	22	96	2	66.6292	60	6.6292	1	1	1	1.0661567	13	41	113
1	0	1	20260611	155640	29	3	2	61.0805	0.072	60	1.0805	1	0	0	0.5655915	22	96	2	51.357	60	8.643	0	0	1	0.7655182	13	41	114
1	0	1	20260611	155642	30	3	2	47.2892	-0.8474	60	12.7108	0	1	0	0.6003464	22	96	2	61.0805	60	1.0805	1	0	0	0.5655915	13	41	115
1	0	1	20260611	155645	31	3	2	59.8893	-0.0074	60	0.1107	0	1	0	1.3365363	22	96	2	47.2892	60	12.7108	0	1	0	0.6003464	13	41	116
1	0	1	20260611	155648	32	3	2	54.6499	-0.3567	60	5.3501	0	1	0	0.5492161	22	96	2	59.8893	60	0.1107	0	1	0	1.3365363	13	41	117
1	0	1	20260611	155650	33	3	2	57.75	-0.15	60	2.25	0	0	1	2.4005626	23	97	2	54.6499	60	5.3501	0	1	0	0.5492161	13	41	118
1	0	1	20260611	155654	34	3	2	47.9132	-0.8058	60	12.0868	0	0	1	0.8157714	24	98	2	57.75	60	2.25	0	0	1	2.4005626	13	41	119
1	0	1	20260611	155656	35	3	2	54.6069	-0.3595	60	5.3931	0	0	1	1.4170527	25	99	2	47.9132	60	12.0868	0	0	1	0.8157714	13	41	120
1	0	1	20260611	155700	36	3	2	46.2645	-0.9157	60	13.7355	0	0	1	0.6324044	26	100	2	54.6069	60	5.3931	0	0	1	1.4170527	13	41	121
1	0	1	20260611	155702	37	3	2	61.3678	0.0912	60	1.3678	1	1	1	1.1322804	27	101	2	46.2645	60	13.7355	0	0	1	0.6324044	13	41	122
1	0	1	20260611	155705	38	3	2	62.7405	0.1827	60	2.7405	1	1	1	1.7680815	28	102	2	61.3678	60	1.3678	1	1	1	1.1322804	13	41	123
1	0	1	20260611	155708	39	3	2	69.87	0.658	60	9.87	1	1	1	1.0159311	29	103	2	62.7405	60	2.7405	1	1	1	1.7680815	13	41	124
1	0	1	20260611	155711	40	3	2	61.443	0.0962	60	1.443	1	0	0	0.5495983	29	103	2	69.87	60	9.87	1	1	1	1.0159311	13	41	125
1	0	1	20260611	155713	41	3	2	46.2857	-0.9143	60	13.7143	0	1	0	0.8159017	29	103	2	61.443	60	1.443	1	0	0	0.5495983	13	41	126
1	0	1	20260611	155716	1	4	2	73.3357	0.889	60	13.3357	1	1	1	0.7668029	1	104	2	46.2857	60	13.7143	0	1	0	0.8159017	13	42	127
1	0	1	20260611	155718	2	4	2	61.9837	0.1322	60	1.9837	1	0	0	0.7837987	1	104	2	73.3357	60	13.3357	1	1	1	0.7668029	13	42	128
1	0	1	20260611	155721	3	4	2	67.5366	0.5024	60	7.5366	1	1	1	1.2662297	2	105	2	61.9837	60	1.9837	1	0	0	0.7837987	13	42	129
1	0	1	20260611	155723	4	4	2	49.3618	-0.7092	60	10.6382	0	0	1	2.0016201	3	106	2	67.5366	60	7.5366	1	1	1	1.2662297	13	42	130
1	0	1	20260611	155727	5	4	2	49.301	-0.7133	60	10.699	0	0	1	1.2011941	4	107	2	49.3618	60	10.6382	0	0	1	2.0016201	13	42	131
1	0	1	20260611	155730	6	4	2	56.1174	-0.2588	60	3.8826	0	1	0	0.6317025	4	107	2	49.301	60	10.699	0	0	1	1.2011941	13	42	132
1	0	1	20260611	155732	7	4	2	70.1758	0.6784	60	10.1758	1	1	1	0.6156771	5	108	2	56.1174	60	3.8826	0	1	0	0.6317025	13	42	133
1	0	1	20260611	155735	8	4	2	64.1388	0.2759	60	4.1388	1	1	1	1.0665777	6	109	2	70.1758	60	10.1758	1	1	1	0.6156771	13	42	134
1	0	1	20260611	155737	9	4	2	64.6776	0.3118	60	4.6776	1	1	1	1.1332741	7	110	2	64.1388	60	4.1388	1	1	1	1.0665777	13	42	135
1	0	1	20260611	155740	10	4	2	66.3708	0.4247	60	6.3708	1	0	0	0.6809237	7	110	2	64.6776	60	4.6776	1	1	1	1.1332741	13	42	136
1	0	1	20260611	155743	11	4	2	64.7429	0.3162	60	4.7429	1	1	1	1.1164648	8	111	2	66.3708	60	6.3708	1	0	0	0.6809237	13	42	137
1	0	1	20260611	155746	12	4	2	58.8355	-0.0776	60	1.1645	0	1	0	0.5985803	8	111	2	64.7429	60	4.7429	1	1	1	1.1164648	13	42	138
1	0	1	20260611	155748	13	4	2	64.814	0.3209	60	4.814	1	1	1	1.3171182	9	112	2	58.8355	60	1.1645	0	1	0	0.5985803	13	42	139
1	0	1	20260611	155751	14	4	2	68.3709	0.5581	60	8.3709	1	1	1	1.3655789	10	113	2	64.814	60	4.814	1	1	1	1.3171182	13	42	140
1	0	1	20260611	155754	15	4	2	65.6658	0.3777	60	5.6658	1	1	1	1.0665438	11	114	2	68.3709	60	8.3709	1	1	1	1.3655789	13	42	141
1	0	1	20260611	155756	16	4	2	55.6789	-0.2881	60	4.3211	0	0	1	0.7657497	12	115	2	65.6658	60	5.6658	1	1	1	1.0665438	13	42	142
1	0	1	20260611	155759	17	4	2	48.6742	-0.7551	60	11.3258	0	0	1	1.0031267	13	116	2	55.6789	60	4.3211	0	0	1	0.7657497	13	42	143
1	0	1	20260611	155801	18	4	2	50.3718	-0.6419	60	9.6282	0	0	1	0.5834243	14	117	2	48.6742	60	11.3258	0	0	1	1.0031267	13	42	144
1	0	1	20260611	155804	19	4	2	56.1011	-0.2599	60	3.8989	0	0	1	0.5320636	15	118	2	50.3718	60	9.6282	0	0	1	0.5834243	13	42	145
1	0	1	20260611	155806	20	4	2	53.9795	-0.4014	60	6.0205	0	0	1	0.6156705	16	119	2	56.1011	60	3.8989	0	0	1	0.5320636	13	42	146
1	0	1	20260611	155808	21	4	2	55.8078	-0.2795	60	4.1922	0	0	1	0.4651463	17	120	2	53.9795	60	6.0205	0	0	1	0.6156705	13	42	147
1	0	1	20260611	155810	22	4	2	58.0167	-0.1322	60	1.9833	0	0	1	0.6827648	18	121	2	55.8078	60	4.1922	0	0	1	0.4651463	13	42	148
1	0	1	20260611	155813	23	4	2	65.4543	0.3636	60	5.4543	1	1	1	0.5823068	19	122	2	58.0167	60	1.9833	0	0	1	0.6827648	13	42	149
1	0	1	20260611	155815	24	4	2	52.5441	-0.4971	60	7.4559	0	0	1	1.5990686	20	123	2	65.4543	60	5.4543	1	1	1	0.5823068	13	42	150
1	0	1	20260611	155819	25	4	2	68.4853	0.5657	60	8.4853	1	1	1	1.7514858	21	124	2	52.5441	60	7.4559	0	0	1	1.5990686	13	42	151
1	0	1	20260611	155822	26	4	2	58.8228	-0.0785	60	1.1772	0	0	1	0.831567	22	125	2	68.4853	60	8.4853	1	1	1	1.7514858	13	42	152
1	0	1	20260611	155825	27	4	2	50.4258	-0.6383	60	9.5742	0	0	1	0.6825323	23	126	2	58.8228	60	1.1772	0	0	1	0.831567	13	42	153
1	0	1	20260611	155827	28	4	2	53.3008	-0.4466	60	6.6992	0	0	1	1.2995472	24	127	2	50.4258	60	9.5742	0	0	1	0.6825323	13	42	154
1	0	1	20260611	155830	29	4	2	54.7059	-0.3529	60	5.2941	0	0	1	0.600001	25	128	2	53.3008	60	6.6992	0	0	1	1.2995472	13	42	155
1	0	1	20260611	155833	30	4	2	61.4605	0.0974	60	1.4605	1	0	0	0.6657505	25	128	2	54.7059	60	5.2941	0	0	1	0.600001	13	42	156
1	0	1	20260611	155835	31	4	2	56.8677	-0.2088	60	3.1323	0	0	1	2.3181727	26	129	2	61.4605	60	1.4605	1	0	0	0.6657505	13	42	157
1	0	1	20260611	155839	32	4	2	57.287	-0.1809	60	2.713	0	0	1	0.5994856	27	130	2	56.8677	60	3.1323	0	0	1	2.3181727	13	42	158
1	0	1	20260611	155841	33	4	2	66.4124	0.4275	60	6.4124	1	1	1	1.0830516	28	131	2	57.287	60	2.713	0	0	1	0.5994856	13	42	159
1	0	1	20260611	155844	34	4	2	63.9936	0.2662	60	3.9936	1	1	1	1.198409	29	132	2	66.4124	60	6.4124	1	1	1	1.0830516	13	42	160
1	0	1	20260611	155847	35	4	2	61.5717	0.1048	60	1.5717	1	0	0	1.2505109	29	132	2	63.9936	60	3.9936	1	1	1	1.198409	13	42	161
1	0	1	20260611	155850	36	4	2	54.7998	-0.3467	60	5.2002	0	0	1	0.8651584	30	133	2	61.5717	60	1.5717	1	0	0	1.2505109	13	42	162
1	0	1	20260611	155852	37	4	2	62.6016	0.1734	60	2.6016	1	0	0	0.9176229	30	133	2	54.7998	60	5.2002	0	0	1	0.8651584	13	42	163
1	0	1	20260611	155855	38	4	2	63.6717	0.2448	60	3.6717	1	0	0	0.9842041	30	133	2	62.6016	60	2.6016	1	0	0	0.9176229	13	42	164
1	0	1	20260611	155857	39	4	2	64.8203	0.3214	60	4.8203	1	1	1	0.6666229	31	134	2	63.6717	60	3.6717	1	0	0	0.9842041	13	42	165
1	0	1	20260611	155900	40	4	2	47.3424	-0.8438	60	12.6576	0	0	1	0.6146286	32	135	2	64.8203	60	4.8203	1	1	1	0.6666229	13	42	166
1	0	1	20260611	155902	41	4	2	52.1526	-0.5232	60	7.8474	0	0	1	0.7968703	33	136	2	47.3424	60	12.6576	0	0	1	0.6146286	13	42	167
1	0	1	20260611	155905	42	4	2	59.9066	-0.0062	60	0.0934	0	1	0	0.984447	33	136	2	52.1526	60	7.8474	0	0	1	0.7968703	13	42	168
1	0	1	20260611	155908	1	5	2	51.6314	-0.5579	60	8.3686	0	0	1	0.6317543	1	137	2	59.9066	60	0.0934	0	1	0	0.984447	13	52	169
1	0	1	20260611	155910	2	5	2	51.167	-0.5889	60	8.833	0	0	1	1.085686	2	138	2	51.6314	60	8.3686	0	0	1	0.6317543	13	52	170
1	0	1	20260611	155912	3	5	2	62.7257	0.1817	60	2.7257	1	1	1	0.6486772	3	139	2	51.167	60	8.833	0	0	1	1.085686	13	52	171
1	0	1	20260611	155915	4	5	2	69.4822	0.6321	60	9.4822	1	0	0	1.8337325	3	139	2	62.7257	60	2.7257	1	1	1	0.6486772	13	52	172
1	0	1	20260611	155918	5	5	2	52.1319	-0.5245	60	7.8681	0	0	1	0.9999863	4	140	2	69.4822	60	9.4822	1	0	0	1.8337325	13	52	173
1	0	1	20260611	155921	6	5	2	59.9551	-0.003	60	0.0449	0	0	1	0.6999954	5	141	2	52.1319	60	7.8681	0	0	1	0.9999863	13	52	174
1	0	1	20260611	155923	7	5	2	54.3731	-0.3751	60	5.6269	0	0	1	0.5647717	6	142	2	59.9551	60	0.0449	0	0	1	0.6999954	13	52	175
1	0	1	20260611	155925	8	5	2	62.4909	0.1661	60	2.4909	1	1	1	0.7170581	7	143	2	54.3731	60	5.6269	0	0	1	0.5647717	13	52	176
1	0	1	20260611	155927	9	5	2	65.1074	0.3405	60	5.1074	1	0	0	1.3342194	7	143	2	62.4909	60	2.4909	1	1	1	0.7170581	13	52	177
1	0	1	20260611	155930	10	5	2	60.1433	0.0096	60	0.1433	1	0	0	0.6164235	7	143	2	65.1074	60	5.1074	1	0	0	1.3342194	13	52	178
1	0	1	20260611	155932	11	5	2	48.6092	-0.7594	60	11.3908	0	0	1	1.3334633	8	144	2	60.1433	60	0.1433	1	0	0	0.6164235	13	52	179
1	0	1	20260611	155935	12	5	2	63.1727	0.2115	60	3.1727	1	1	1	0.7650568	9	145	2	48.6092	60	11.3908	0	0	1	1.3334633	13	52	180
1	0	1	20260611	155938	13	5	2	66.9273	0.4618	60	6.9273	1	1	1	1.9691045	10	146	2	63.1727	60	3.1727	1	1	1	0.7650568	13	52	181
1	0	1	20260611	155941	14	5	2	49.1254	-0.725	60	10.8746	0	0	1	0.7496907	11	147	2	66.9273	60	6.9273	1	1	1	1.9691045	13	52	182
1	0	1	20260611	155944	15	5	2	56.6736	-0.2218	60	3.3264	0	0	1	0.5992014	12	148	2	49.1254	60	10.8746	0	0	1	0.7496907	13	52	183
1	0	1	20260611	155946	16	5	2	67.5189	0.5013	60	7.5189	1	0	0	1.3659224	12	148	2	56.6736	60	3.3264	0	0	1	0.5992014	13	52	184
1	0	1	20260611	155949	17	5	2	65.9777	0.3985	60	5.9777	1	1	1	1.4193102	13	149	2	67.5189	60	7.5189	1	0	0	1.3659224	13	52	185
1	0	1	20260611	155952	18	5	2	54.7592	-0.3494	60	5.2408	0	1	0	0.7481878	13	149	2	65.9777	60	5.9777	1	1	1	1.4193102	13	52	186
1	0	1	20260611	155955	19	5	2	68.6259	0.5751	60	8.6259	1	0	0	0.700228	13	149	2	54.7592	60	5.2408	0	1	0	0.7481878	13	52	187
1	0	1	20260611	155957	20	5	2	56.0691	-0.2621	60	3.9309	0	0	1	0.7994906	14	150	2	68.6259	60	8.6259	1	0	0	0.700228	13	52	188
1	0	1	20260611	155959	21	5	2	66.867	0.4578	60	6.867	1	1	1	0.6665087	15	151	2	56.0691	60	3.9309	0	0	1	0.7994906	13	52	189
1	0	1	20260611	160002	22	5	2	61.7903	0.1194	60	1.7903	1	0	0	0.6995568	15	151	2	66.867	60	6.867	1	1	1	0.6665087	13	52	190
1	0	1	20260611	160004	23	5	2	50.795	-0.6137	60	9.205	0	0	1	0.9138999	16	152	2	61.7903	60	1.7903	1	0	0	0.6995568	13	52	191
1	0	1	20260611	160007	24	5	2	47.8678	-0.8088	60	12.1322	0	1	0	0.7340971	16	152	2	50.795	60	9.205	0	0	1	0.9138999	13	52	192
1	0	1	20260611	160009	25	5	2	56.4288	-0.2381	60	3.5712	0	1	0	1.0999271	16	152	2	47.8678	60	12.1322	0	1	0	0.7340971	13	52	193
1	0	1	20260611	160012	26	5	2	67.0663	0.4711	60	7.0663	1	1	1	0.6331145	17	153	2	56.4288	60	3.5712	0	1	0	1.0999271	13	52	194
1	0	1	20260611	160014	27	5	2	64.1128	0.2742	60	4.1128	1	1	1	0.8021061	18	154	2	67.0663	60	7.0663	1	1	1	0.6331145	13	52	195
1	0	1	20260611	160016	28	5	2	62.8429	0.1895	60	2.8429	1	1	1	0.6325873	19	155	2	64.1128	60	4.1128	1	1	1	0.8021061	13	52	196
1	0	1	20260611	160019	29	5	2	68.1333	0.5422	60	8.1333	1	1	1	0.4652893	20	156	2	62.8429	60	2.8429	1	1	1	0.6325873	13	52	197
1	0	1	20260611	160021	30	5	2	60.9948	0.0663	60	0.9948	1	1	1	1.2497878	21	157	2	68.1333	60	8.1333	1	1	1	0.4652893	13	52	198
1	0	1	20260611	160024	31	5	2	60.9501	0.0633	60	0.9501	1	1	1	0.6354898	22	158	2	60.9948	60	0.9948	1	1	1	1.2497878	13	52	199
1	0	1	20260611	160026	32	5	2	54.5811	-0.3613	60	5.4189	0	0	1	0.6659763	23	159	2	60.9501	60	0.9501	1	1	1	0.6354898	13	52	200
1	0	1	20260611	160029	33	5	2	67.9632	0.5309	60	7.9632	1	1	1	0.6811343	24	160	2	54.5811	60	5.4189	0	0	1	0.6659763	13	52	201
1	0	1	20260611	160031	34	5	2	65.5701	0.3713	60	5.5701	1	1	1	0.7167147	25	161	2	67.9632	60	7.9632	1	1	1	0.6811343	13	52	202
1	0	1	20260611	160033	35	5	2	45.8366	-0.9442	60	14.1634	0	0	1	0.6000561	26	162	2	65.5701	60	5.5701	1	1	1	0.7167147	13	52	203
1	0	1	20260611	160036	36	5	2	56.4708	-0.2353	60	3.5292	0	0	1	1.9014827	27	163	2	45.8366	60	14.1634	0	0	1	0.6000561	13	52	204
1	0	1	20260611	160040	37	5	2	49.417	-0.7055	60	10.583	0	0	1	0.8504505	28	164	2	56.4708	60	3.5292	0	0	1	1.9014827	13	52	205
1	0	1	20260611	160042	38	5	2	58.2246	-0.1184	60	1.7754	0	1	0	0.5486992	28	164	2	49.417	60	10.583	0	0	1	0.8504505	13	52	206
1	0	1	20260611	160044	39	5	2	49.1491	-0.7234	60	10.8509	0	0	1	0.4988464	29	165	2	58.2246	60	1.7754	0	1	0	0.5486992	13	52	207
1	0	1	20260611	160046	40	5	2	56.6756	-0.2216	60	3.3244	0	1	0	0.5492172	29	165	2	49.1491	60	10.8509	0	0	1	0.4988464	13	52	208
1	0	1	20260611	160049	41	5	2	58.326	-0.1116	60	1.674	0	0	1	0.5163028	30	166	2	56.6756	60	3.3244	0	1	0	0.5492172	13	52	209
1	0	1	20260611	160051	42	5	2	69.3922	0.6261	60	9.3922	1	1	1	0.8652932	31	167	2	58.326	60	1.674	0	0	1	0.5163028	13	52	210
1	0	1	20260611	160054	43	5	2	57.5982	-0.1601	60	2.4018	0	0	1	0.2834617	32	168	2	69.3922	60	9.3922	1	1	1	0.8652932	13	52	211
1	0	1	20260611	160055	44	5	2	73.4509	0.8967	60	13.4509	1	1	1	0.4825378	33	169	2	57.5982	60	2.4018	0	0	1	0.2834617	13	52	212
1	0	1	20260611	160058	45	5	2	68.2894	0.5526	60	8.2894	1	0	0	0.4823029	33	169	2	73.4509	60	13.4509	1	1	1	0.4825378	13	52	213
1	0	1	20260611	160100	46	5	2	56.9748	-0.2017	60	3.0252	0	1	0	0.4491064	33	169	2	68.2894	60	8.2894	1	0	0	0.4823029	13	52	214
1	0	1	20260611	160102	47	5	2	59.6734	-0.0218	60	0.3266	0	0	1	0.415132	34	170	2	56.9748	60	3.0252	0	1	0	0.4491064	13	52	215
1	0	1	20260611	160104	48	5	2	59.8505	-0.01	60	0.1495	0	1	0	0.5010285	34	170	2	59.6734	60	0.3266	0	0	1	0.415132	13	52	216
1	0	1	20260611	160106	49	5	2	47.4001	-0.84	60	12.5999	0	0	1	0.7646295	35	171	2	59.8505	60	0.1495	0	1	0	0.5010285	13	52	217
1	0	1	20260611	160108	50	5	2	50.3643	-0.6424	60	9.6357	0	1	0	1.1020751	35	171	2	47.4001	60	12.5999	0	0	1	0.7646295	13	52	218
1	0	1	20260611	160111	51	5	2	56.2872	-0.2475	60	3.7128	0	1	0	0.5986744	35	171	2	50.3643	60	9.6357	0	1	0	1.1020751	13	52	219
1	0	1	20260611	160113	52	5	2	46.4768	-0.9015	60	13.5232	0	1	0	0.7322192	35	171	2	56.2872	60	3.7128	0	1	0	0.5986744	13	52	220
1	0	1	20260611	160116	1	6	2	69.2023	0.6135	60	9.2023	1	0	0	0.5992375	0	171	2	46.4768	60	13.5232	0	1	0	0.7322192	13	46	221
1	0	1	20260611	160118	2	6	2	53.2159	-0.4523	60	6.7841	0	0	1	0.9834823	1	172	2	69.2023	60	9.2023	1	0	0	0.5992375	13	46	222
1	0	1	20260611	160121	3	6	2	63.3251	0.2217	60	3.3251	1	0	0	0.6491932	1	172	2	53.2159	60	6.7841	0	0	1	0.9834823	13	46	223
1	0	1	20260611	160123	4	6	2	62.8579	0.1905	60	2.8579	1	1	1	0.7819411	2	173	2	63.3251	60	3.3251	1	0	0	0.6491932	13	46	224
1	0	1	20260611	160125	5	6	2	69.3926	0.6262	60	9.3926	1	1	1	1.0176954	3	174	2	62.8579	60	2.8579	1	1	1	0.7819411	13	46	225
1	0	1	20260611	160128	6	6	2	62.2739	0.1516	60	2.2739	1	0	0	0.6652226	3	174	2	69.3926	60	9.3926	1	1	1	1.0176954	13	46	226
1	0	1	20260611	160131	7	6	2	46.3702	-0.9087	60	13.6298	0	0	1	0.599228	4	175	2	62.2739	60	2.2739	1	0	0	0.6652226	13	46	227
1	0	1	20260611	160133	8	6	2	48.2385	-0.7841	60	11.7615	0	0	1	0.5670296	5	176	2	46.3702	60	13.6298	0	0	1	0.599228	13	46	228
1	0	1	20260611	160135	9	6	2	50.5216	-0.6319	60	9.4784	0	0	1	0.5995676	6	177	2	48.2385	60	11.7615	0	0	1	0.5670296	13	46	229
1	0	1	20260611	160137	10	6	2	48.9883	-0.7341	60	11.0117	0	0	1	0.6514656	7	178	2	50.5216	60	9.4784	0	0	1	0.5995676	13	46	230
1	0	1	20260611	160139	11	6	2	51.1146	-0.5924	60	8.8854	0	0	1	0.6649645	8	179	2	48.9883	60	11.0117	0	0	1	0.6514656	13	46	231
1	0	1	20260611	160142	12	6	2	72.3874	0.8258	60	12.3874	1	1	1	0.9991873	9	180	2	51.1146	60	8.8854	0	0	1	0.6649645	13	46	232
1	0	1	20260611	160144	13	6	2	56.3638	-0.2424	60	3.6362	0	0	1	0.6500384	10	181	2	72.3874	60	12.3874	1	1	1	0.9991873	13	46	233
1	0	1	20260611	160147	14	6	2	66.342	0.4228	60	6.342	1	0	0	0.782049	10	181	2	56.3638	60	3.6362	0	0	1	0.6500384	13	46	234
1	0	1	20260611	160149	15	6	2	53.4115	-0.4392	60	6.5885	0	1	0	0.6678993	10	181	2	66.342	60	6.342	1	0	0	0.782049	13	46	235
1	0	1	20260611	160151	16	6	2	58.6653	-0.089	60	1.3347	0	0	1	0.5818699	11	182	2	53.4115	60	6.5885	0	1	0	0.6678993	13	46	236
1	0	1	20260611	160153	17	6	2	55.3451	-0.3103	60	4.6549	0	0	1	0.6669452	12	183	2	58.6653	60	1.3347	0	0	1	0.5818699	13	46	237
1	0	1	20260611	160156	18	6	2	59.512	-0.0325	60	0.488	0	1	0	0.650724	12	183	2	55.3451	60	4.6549	0	0	1	0.6669452	13	46	238
1	0	1	20260611	160158	19	6	2	73.3593	0.8906	60	13.3593	1	1	1	0.6994366	13	184	2	59.512	60	0.488	0	1	0	0.650724	13	46	239
1	0	1	20260611	160200	20	6	2	54.0465	-0.3969	60	5.9535	0	0	1	1.0673652	14	185	2	73.3593	60	13.3593	1	1	1	0.6994366	13	46	240
1	0	1	20260611	160203	21	6	2	61.2272	0.0818	60	1.2272	1	1	1	0.6994124	15	186	2	54.0465	60	5.9535	0	0	1	1.0673652	13	46	241
1	0	1	20260611	160205	22	6	2	64.4412	0.2961	60	4.4412	1	1	1	0.7824224	16	187	2	61.2272	60	1.2272	1	1	1	0.6994124	13	46	242
1	0	1	20260611	160207	23	6	2	58.6978	-0.0868	60	1.3022	0	1	0	1.0171666	16	187	2	64.4412	60	4.4412	1	1	1	0.7824224	13	46	243
1	0	1	20260611	160210	24	6	2	47.433	-0.8378	60	12.567	0	0	1	0.5342322	17	188	2	58.6978	60	1.3022	0	1	0	1.0171666	13	46	244
1	0	1	20260611	160212	25	6	2	66.8254	0.455	60	6.8254	1	1	1	0.6489492	18	189	2	47.433	60	12.567	0	0	1	0.5342322	13	46	245
1	0	1	20260611	160214	26	6	2	47.4953	-0.8336	60	12.5047	0	1	0	1.2184097	18	189	2	66.8254	60	6.8254	1	1	1	0.6489492	13	46	246
1	0	1	20260611	160217	27	6	2	48.0724	-0.7952	60	11.9276	0	0	1	0.6990336	19	190	2	47.4953	60	12.5047	0	1	0	1.2184097	13	46	247
1	0	1	20260611	160219	28	6	2	63.9392	0.2626	60	3.9392	1	1	1	0.6488435	20	191	2	48.0724	60	11.9276	0	0	1	0.6990336	13	46	248
1	0	1	20260611	160222	29	6	2	62.6155	0.1744	60	2.6155	1	1	1	0.7853054	21	192	2	63.9392	60	3.9392	1	1	1	0.6488435	13	46	249
1	0	1	20260611	160224	30	6	2	58.056	-0.1296	60	1.944	0	0	1	0.7336703	22	193	2	62.6155	60	2.6155	1	1	1	0.7853054	13	46	250
1	0	1	20260611	160226	31	6	2	54.5109	-0.3659	60	5.4891	0	0	1	0.6484132	23	194	2	58.056	60	1.944	0	0	1	0.7336703	13	46	251
1	0	1	20260611	160229	32	6	2	71.7961	0.7864	60	11.7961	1	1	1	0.6345278	24	195	2	54.5109	60	5.4891	0	0	1	0.6484132	13	46	252
1	0	1	20260611	160231	33	6	2	47.9865	-0.8009	60	12.0135	0	0	1	0.6985648	25	196	2	71.7961	60	11.7961	1	1	1	0.6345278	13	46	253
1	0	1	20260611	160233	34	6	2	64.3328	0.2889	60	4.3328	1	1	1	0.6334387	26	197	2	47.9865	60	12.0135	0	0	1	0.6985648	13	46	254
1	0	1	20260611	160236	35	6	2	47.1284	-0.8581	60	12.8716	0	0	1	0.7471785	27	198	2	64.3328	60	4.3328	1	1	1	0.6334387	13	46	255
1	0	1	20260611	160238	36	6	2	57.4371	-0.1709	60	2.5629	0	0	1	0.6002516	28	199	2	47.1284	60	12.8716	0	0	1	0.7471785	13	46	256
1	0	1	20260611	160240	37	6	2	68.4154	0.561	60	8.4154	1	1	1	0.5841113	29	200	2	57.4371	60	2.5629	0	0	1	0.6002516	13	46	257
1	0	1	20260611	160243	38	6	2	62.8458	0.1897	60	2.8458	1	0	0	0.6846096	29	200	2	68.4154	60	8.4154	1	1	1	0.5841113	13	46	258
1	0	1	20260611	160245	39	6	2	67.207	0.4805	60	7.207	1	1	1	0.5172006	30	201	2	62.8458	60	2.8458	1	0	0	0.6846096	13	46	259
1	0	1	20260611	160247	40	6	2	69.0919	0.6061	60	9.0919	1	1	1	0.8179784	31	202	2	67.207	60	7.207	1	1	1	0.5172006	13	46	260
1	0	1	20260611	160250	41	6	2	60.49	0.0327	60	0.49	1	0	0	0.9331015	31	202	2	69.0919	60	9.0919	1	1	1	0.8179784	13	46	261
1	0	1	20260611	160252	42	6	2	54.159	-0.3894	60	5.841	0	1	0	0.8646849	31	202	2	60.49	60	0.49	1	0	0	0.9331015	13	46	262
1	0	1	20260611	160255	43	6	2	66.9118	0.4608	60	6.9118	1	0	0	1.0344666	31	202	2	54.159	60	5.841	0	1	0	0.8646849	13	46	263
1	0	1	20260611	160257	44	6	2	46.746	-0.8836	60	13.254	0	0	1	0.6811603	32	203	2	66.9118	60	6.9118	1	0	0	1.0344666	13	46	264
1	0	1	20260611	160300	45	6	2	56.4603	-0.236	60	3.5397	0	0	1	1.5490241	33	204	2	46.746	60	13.254	0	0	1	0.6811603	13	46	265
1	0	1	20260611	160303	46	6	2	58.5357	-0.0976	60	1.4643	0	0	1	1.2811934	34	205	2	56.4603	60	3.5397	0	0	1	1.5490241	13	46	266
1	0	1	20260611	160306	1	7	2	61.4282	0.0952	60	1.4282	1	1	1	0.6165723	1	206	2	58.5357	60	1.4643	0	0	1	1.2811934	13	59	267
1	0	1	20260611	160308	2	7	2	47.7212	-0.8186	60	12.2788	0	0	1	0.8678124	2	207	2	61.4282	60	1.4282	1	1	1	0.6165723	13	59	268
1	0	1	20260611	160311	3	7	2	58.9004	-0.0733	60	1.0996	0	0	1	0.6835317	3	208	2	47.7212	60	12.2788	0	0	1	0.8678124	13	59	269
1	0	1	20260611	160314	4	7	2	55.048	-0.3301	60	4.952	0	0	1	0.6824924	4	209	2	58.9004	60	1.0996	0	0	1	0.6835317	13	59	270
1	0	1	20260611	160316	5	7	2	68.3707	0.558	60	8.3707	1	0	0	0.8663815	4	209	2	55.048	60	4.952	0	0	1	0.6824924	13	59	271
1	0	1	20260611	160319	6	7	2	62.9097	0.194	60	2.9097	1	1	1	0.7519726	5	210	2	68.3707	60	8.3707	1	0	0	0.8663815	13	59	272
1	0	1	20260611	160321	7	7	2	70.8148	0.721	60	10.8148	1	1	1	0.6526508	6	211	2	62.9097	60	2.9097	1	1	1	0.7519726	13	59	273
1	0	1	20260611	160323	8	7	2	58.2459	-0.1169	60	1.7541	0	1	0	0.699354	6	211	2	70.8148	60	10.8148	1	1	1	0.6526508	13	59	274
1	0	1	20260611	160326	9	7	2	66.7132	0.4475	60	6.7132	1	0	0	0.5648778	6	211	2	58.2459	60	1.7541	0	1	0	0.699354	13	59	275
1	0	1	20260611	160328	10	7	2	67.455	0.497	60	7.455	1	1	1	0.9000417	7	212	2	66.7132	60	6.7132	1	0	0	0.5648778	13	59	276
1	0	1	20260611	160331	11	7	2	69.0706	0.6047	60	9.0706	1	1	1	0.5155489	8	213	2	67.455	60	7.455	1	1	1	0.9000417	13	59	277
1	0	1	20260611	160333	12	7	2	64.7597	0.3173	60	4.7597	1	0	0	0.6827997	8	213	2	69.0706	60	9.0706	1	1	1	0.5155489	13	59	278
1	0	1	20260611	160335	13	7	2	62.3466	0.1564	60	2.3466	1	1	1	0.4842243	9	214	2	64.7597	60	4.7597	1	0	0	0.6827997	13	59	279
1	0	1	20260611	160338	14	7	2	51.6629	-0.5558	60	8.3371	0	1	0	0.5494227	9	214	2	62.3466	60	2.3466	1	1	1	0.4842243	13	59	280
1	0	1	20260611	160340	15	7	2	63.4722	0.2315	60	3.4722	1	0	0	0.6501875	9	214	2	51.6629	60	8.3371	0	1	0	0.5494227	13	59	281
1	0	1	20260611	160342	16	7	2	61.2348	0.0823	60	1.2348	1	0	0	0.2831395	9	214	2	63.4722	60	3.4722	1	0	0	0.6501875	13	59	282
1	0	1	20260611	160344	17	7	2	67.0805	0.472	60	7.0805	1	1	1	1.0667461	10	215	2	61.2348	60	1.2348	1	0	0	0.2831395	13	59	283
1	0	1	20260611	160347	18	7	2	65.0538	0.3369	60	5.0538	1	1	1	0.6006723	11	216	2	67.0805	60	7.0805	1	1	1	1.0667461	13	59	284
1	0	1	20260611	160349	19	7	2	52.0345	-0.531	60	7.9655	0	0	1	0.7160962	12	217	2	65.0538	60	5.0538	1	1	1	0.6006723	13	59	285
1	0	1	20260611	160351	20	7	2	47.5219	-0.8319	60	12.4781	0	0	1	0.7166739	13	218	2	52.0345	60	7.9655	0	0	1	0.7160962	13	59	286
1	0	1	20260611	160354	21	7	2	50.3033	-0.6464	60	9.6967	0	0	1	0.5146419	14	219	2	47.5219	60	12.4781	0	0	1	0.7166739	13	59	287
1	0	1	20260611	160356	22	7	2	63.0892	0.2059	60	3.0892	1	1	1	0.6344998	15	220	2	50.3033	60	9.6967	0	0	1	0.5146419	13	59	288
1	0	1	20260611	160358	23	7	2	70.7435	0.7162	60	10.7435	1	0	0	0.5994311	15	220	2	63.0892	60	3.0892	1	1	1	0.6344998	13	59	289
1	0	1	20260611	160401	24	7	2	47.9794	-0.8014	60	12.0206	0	0	1	0.6823902	16	221	2	70.7435	60	10.7435	1	0	0	0.5994311	13	59	290
1	0	1	20260611	160403	25	7	2	45.2134	-0.9858	60	14.7866	0	0	1	0.914309	17	222	2	47.9794	60	12.0206	0	0	1	0.6823902	13	59	291
1	0	1	20260611	160406	26	7	2	71.23	0.7487	60	11.23	1	1	1	0.651359	18	223	2	45.2134	60	14.7866	0	0	1	0.914309	13	59	292
1	0	1	20260611	160408	27	7	2	55.7796	-0.2814	60	4.2204	0	0	1	0.6827155	19	224	2	71.23	60	11.23	1	1	1	0.651359	13	59	293
1	0	1	20260611	160410	28	7	2	69.7055	0.647	60	9.7055	1	1	1	0.5660516	20	225	2	55.7796	60	4.2204	0	0	1	0.6827155	13	59	294
1	0	1	20260611	160412	29	7	2	65.4154	0.361	60	5.4154	1	0	0	0.5474469	20	225	2	69.7055	60	9.7055	1	1	1	0.5660516	13	59	295
1	0	1	20260611	160414	30	7	2	52.888	-0.4741	60	7.112	0	0	1	0.6650128	21	226	2	65.4154	60	5.4154	1	0	0	0.5474469	13	59	296
1	0	1	20260611	160417	31	7	2	66.0443	0.403	60	6.0443	1	1	1	1.0502569	22	227	2	52.888	60	7.112	0	0	1	0.6650128	13	59	297
1	0	1	20260611	160419	32	7	2	64.1385	0.2759	60	4.1385	1	1	1	0.8999206	23	228	2	66.0443	60	6.0443	1	1	1	1.0502569	13	59	298
1	0	1	20260611	160422	33	7	2	54.0536	-0.3964	60	5.9464	0	0	1	0.5487011	24	229	2	64.1385	60	4.1385	1	1	1	0.8999206	13	59	299
1	0	1	20260611	160424	34	7	2	60.6424	0.0428	60	0.6424	1	0	0	0.8827743	24	229	2	54.0536	60	5.9464	0	0	1	0.5487011	13	59	300
1	0	1	20260611	160427	35	7	2	53.6622	-0.4225	60	6.3378	0	0	1	0.416173	25	230	2	60.6424	60	0.6424	1	0	0	0.8827743	13	59	301
1	0	1	20260611	160429	36	7	2	57.2199	-0.1853	60	2.7801	0	0	1	0.4657955	26	231	2	53.6622	60	6.3378	0	0	1	0.416173	13	59	302
1	0	1	20260611	160431	37	7	2	63.0725	0.2048	60	3.0725	1	1	1	0.6829627	27	232	2	57.2199	60	2.7801	0	0	1	0.4657955	13	59	303
1	0	1	20260611	160434	38	7	2	46.4007	-0.9066	60	13.5993	0	0	1	0.8306477	28	233	2	63.0725	60	3.0725	1	1	1	0.6829627	13	59	304
1	0	1	20260611	160436	39	7	2	57.7577	-0.1495	60	2.2423	0	1	0	0.4485584	28	233	2	46.4007	60	13.5993	0	0	1	0.8306477	13	59	305
1	0	1	20260611	160438	40	7	2	55.622	-0.2919	60	4.378	0	0	1	0.6161511	29	234	2	57.7577	60	2.2423	0	1	0	0.4485584	13	59	306
1	0	1	20260611	160440	41	7	2	52.4793	-0.5014	60	7.5207	0	0	1	0.3495303	30	235	2	55.622	60	4.378	0	0	1	0.6161511	13	59	307
1	0	1	20260611	160443	42	7	2	46.1661	-0.9223	60	13.8339	0	0	1	0.8485	31	236	2	52.4793	60	7.5207	0	0	1	0.3495303	13	59	308
1	0	1	20260611	160445	43	7	2	67.2491	0.4833	60	7.2491	1	0	0	0.663552	31	236	2	46.1661	60	13.8339	0	0	1	0.8485	13	59	309
1	0	1	20260611	160447	44	7	2	72.8185	0.8546	60	12.8185	1	0	0	0.5315588	31	236	2	67.2491	60	7.2491	1	0	0	0.663552	13	59	310
1	0	1	20260611	160450	45	7	2	65.072	0.3381	60	5.072	1	1	1	0.83308	32	237	2	72.8185	60	12.8185	1	0	0	0.5315588	13	59	311
1	0	1	20260611	160452	46	7	2	65.2692	0.3513	60	5.2692	1	1	1	0.6176627	33	238	2	65.072	60	5.072	1	1	1	0.83308	13	59	312
1	0	1	20260611	160454	47	7	2	51.393	-0.5738	60	8.607	0	1	0	0.5327625	33	238	2	65.2692	60	5.2692	1	1	1	0.6176627	13	59	313
1	0	1	20260611	160457	48	7	2	51.5775	-0.5615	60	8.4225	0	0	1	0.4649853	34	239	2	51.393	60	8.607	0	1	0	0.5327625	13	59	314
1	0	1	20260611	160459	49	7	2	64.9791	0.3319	60	4.9791	1	1	1	0.5321315	35	240	2	51.5775	60	8.4225	0	0	1	0.4649853	13	59	315
1	0	1	20260611	160501	50	7	2	52.2074	-0.5195	60	7.7926	0	1	0	0.682464	35	240	2	64.9791	60	4.9791	1	1	1	0.5321315	13	59	316
1	0	1	20260611	160503	51	7	2	68.3208	0.5547	60	8.3208	1	0	0	0.683144	35	240	2	52.2074	60	7.7926	0	1	0	0.682464	13	59	317
1	0	1	20260611	160506	52	7	2	53.6604	-0.4226	60	6.3396	0	1	0	0.8651973	35	240	2	68.3208	60	8.3208	1	0	0	0.683144	13	59	318
1	0	1	20260611	160508	53	7	2	45.1996	-0.9867	60	14.8004	0	0	1	0.7990659	36	241	2	53.6604	60	6.3396	0	1	0	0.8651973	13	59	319
1	0	1	20260611	160511	54	7	2	53.4426	-0.4372	60	6.5574	0	1	0	0.9978715	36	241	2	45.1996	60	14.8004	0	0	1	0.7990659	13	59	320
1	0	1	20260611	160513	55	7	2	58.2784	-0.1148	60	1.7216	0	1	0	1.031667	36	241	2	53.4426	60	6.5574	0	1	0	0.9978715	13	59	321
1	0	1	20260611	160517	56	7	2	56.4386	-0.2374	60	3.5614	0	1	0	0.4484633	36	241	2	58.2784	60	1.7216	0	1	0	1.031667	13	59	322
1	0	1	20260611	160519	57	7	2	46.1507	-0.9233	60	13.8493	0	0	1	0.5326052	37	242	2	56.4386	60	3.5614	0	1	0	0.4484633	13	59	323
1	0	1	20260611	160521	58	7	2	53.5257	-0.4316	60	6.4743	0	0	1	0.7499868	38	243	2	46.1507	60	13.8493	0	0	1	0.5326052	13	59	324
1	0	1	20260611	160523	59	7	2	63.8619	0.2575	60	3.8619	1	1	1	0.7172049	39	244	2	53.5257	60	6.4743	0	0	1	0.7499868	13	59	325
1	0	1	20260611	160526	1	8	2	63.4668	0.2311	60	3.4668	1	0	0	0.6326346	0	244	2	63.8619	60	3.8619	1	1	1	0.7172049	13	44	326
1	0	1	20260611	160529	2	8	2	60.9696	0.0646	60	0.9696	1	0	0	0.6977667	0	244	2	63.4668	60	3.4668	1	0	0	0.6326346	13	44	327
1	0	1	20260611	160531	3	8	2	60.1982	0.0132	60	0.1982	1	1	1	0.3490127	1	245	2	60.9696	60	0.9696	1	0	0	0.6977667	13	44	328
1	0	1	20260611	160533	4	8	2	45.9171	-0.9389	60	14.0829	0	0	1	0.8478278	2	246	2	60.1982	60	0.1982	1	1	1	0.3490127	13	44	329
1	0	1	20260611	160535	5	8	2	60.6103	0.0407	60	0.6103	1	1	1	0.46362	3	247	2	45.9171	60	14.0829	0	0	1	0.8478278	13	44	330
1	0	1	20260611	160538	6	8	2	46.5809	-0.8946	60	13.4191	0	0	1	0.5648119	4	248	2	60.6103	60	0.6103	1	1	1	0.46362	13	44	331
1	0	1	20260611	160540	7	8	2	68.8298	0.5887	60	8.8298	1	1	1	0.5833132	5	249	2	46.5809	60	13.4191	0	0	1	0.5648119	13	44	332
1	0	1	20260611	160542	8	8	2	65.8668	0.3911	60	5.8668	1	1	1	0.9662293	6	250	2	68.8298	60	8.8298	1	1	1	0.5833132	13	44	333
1	0	1	20260611	160545	9	8	2	67.4003	0.4934	60	7.4003	1	1	1	0.9149777	7	251	2	65.8668	60	5.8668	1	1	1	0.9662293	13	44	334
1	0	1	20260611	160547	10	8	2	47.256	-0.8496	60	12.744	0	0	1	0.7151834	8	252	2	67.4003	60	7.4003	1	1	1	0.9149777	13	44	335
1	0	1	20260611	160550	11	8	2	48.7401	-0.7507	60	11.2599	0	1	0	1.4507112	8	252	2	47.256	60	12.744	0	0	1	0.7151834	13	44	336
1	0	1	20260611	160553	12	8	2	60.713	0.0475	60	0.713	1	0	0	0.9649096	8	252	2	48.7401	60	11.2599	0	1	0	1.4507112	13	44	337
1	0	1	20260611	160555	13	8	2	70.3082	0.6872	60	10.3082	1	1	1	0.7983783	9	253	2	60.713	60	0.713	1	0	0	0.9649096	13	44	338
1	0	1	20260611	160558	14	8	2	60.7949	0.053	60	0.7949	1	0	0	1.4652971	9	253	2	70.3082	60	10.3082	1	1	1	0.7983783	13	44	339
1	0	1	20260611	160601	15	8	2	51.1706	-0.5886	60	8.8294	0	0	1	0.5640154	10	254	2	60.7949	60	0.7949	1	0	0	1.4652971	13	44	340
1	0	1	20260611	160603	16	8	2	62.7808	0.1854	60	2.7808	1	0	0	1.0146953	10	254	2	51.1706	60	8.8294	0	0	1	0.5640154	13	44	341
1	0	1	20260611	160606	17	8	2	56.3969	-0.2402	60	3.6031	0	0	1	0.6842961	11	255	2	62.7808	60	2.7808	1	0	0	1.0146953	13	44	342
1	0	1	20260611	160608	18	8	2	61.3085	0.0872	60	1.3085	1	0	0	0.5815126	11	255	2	56.3969	60	3.6031	0	0	1	0.6842961	13	44	343
1	0	1	20260611	160610	19	8	2	69.4602	0.6307	60	9.4602	1	1	1	0.7136617	12	256	2	61.3085	60	1.3085	1	0	0	0.5815126	13	44	344
1	0	1	20260611	160613	20	8	2	60.8519	0.0568	60	0.8519	1	1	1	1.4002342	13	257	2	69.4602	60	9.4602	1	1	1	0.7136617	13	44	345
1	0	1	20260611	160616	21	8	2	64.1616	0.2774	60	4.1616	1	1	1	0.9504274	14	258	2	60.8519	60	0.8519	1	1	1	1.4002342	13	44	346
1	0	1	20260611	160618	22	8	2	53.3507	-0.4433	60	6.6493	0	0	1	0.9150907	15	259	2	64.1616	60	4.1616	1	1	1	0.9504274	13	44	347
1	0	1	20260611	160621	23	8	2	62.153	0.1435	60	2.153	1	0	0	0.9835458	15	259	2	53.3507	60	6.6493	0	0	1	0.9150907	13	44	348
1	0	1	20260611	160623	24	8	2	56.6447	-0.2237	60	3.3553	0	0	1	0.7341193	16	260	2	62.153	60	2.153	1	0	0	0.9835458	13	44	349
1	0	1	20260611	160626	25	8	2	62.0876	0.1392	60	2.0876	1	0	0	1.431968	16	260	2	56.6447	60	3.3553	0	0	1	0.7341193	13	44	350
1	0	1	20260611	160629	26	8	2	63.1716	0.2114	60	3.1716	1	1	1	0.630678	17	261	2	62.0876	60	2.0876	1	0	0	1.431968	13	44	351
1	0	1	20260611	160631	27	8	2	60.2695	0.018	60	0.2695	1	0	0	0.7833562	17	261	2	63.1716	60	3.1716	1	1	1	0.630678	13	44	352
1	0	1	20260611	160634	28	8	2	63.8226	0.2548	60	3.8226	1	1	1	1.2995641	18	262	2	60.2695	60	0.2695	1	0	0	0.7833562	13	44	353
1	0	1	20260611	160636	29	8	2	60.1302	0.0087	60	0.1302	1	1	1	0.6498579	19	263	2	63.8226	60	3.8226	1	1	1	1.2995641	13	44	354
1	0	1	20260611	160639	30	8	2	62.7913	0.1861	60	2.7913	1	0	0	0.5504192	19	263	2	60.1302	60	0.1302	1	1	1	0.6498579	13	44	355
1	0	1	20260611	160641	31	8	2	56.4967	-0.2336	60	3.5033	0	0	1	0.5149693	20	264	2	62.7913	60	2.7913	1	0	0	0.5504192	13	44	356
1	0	1	20260611	160643	32	8	2	60.2615	0.0174	60	0.2615	1	1	1	0.6171654	21	265	2	56.4967	60	3.5033	0	0	1	0.5149693	13	44	357
1	0	1	20260611	160646	33	8	2	54.7009	-0.3533	60	5.2991	0	1	0	0.6662149	21	265	2	60.2615	60	0.2615	1	1	1	0.6171654	13	44	358
1	0	1	20260611	160648	34	8	2	59.6305	-0.0246	60	0.3695	0	0	1	0.7656685	22	266	2	54.7009	60	5.2991	0	1	0	0.6662149	13	44	359
1	0	1	20260611	160651	35	8	2	73.1057	0.8737	60	13.1057	1	1	1	0.6987488	23	267	2	59.6305	60	0.3695	0	0	1	0.7656685	13	44	360
1	0	1	20260611	160653	36	8	2	45.8759	-0.9416	60	14.1241	0	0	1	0.82991	24	268	2	73.1057	60	13.1057	1	1	1	0.6987488	13	44	361
1	0	1	20260611	160656	37	8	2	45.7189	-0.9521	60	14.2811	0	1	0	0.8990325	24	268	2	45.8759	60	14.1241	0	0	1	0.82991	13	44	362
1	0	1	20260611	160658	38	8	2	51.0588	-0.5961	60	8.9412	0	1	0	0.3677257	24	268	2	45.7189	60	14.2811	0	1	0	0.8990325	13	44	363
1	0	1	20260611	160700	39	8	2	62.654	0.1769	60	2.654	1	1	1	0.9837761	25	269	2	51.0588	60	8.9412	0	1	0	0.3677257	13	44	364
1	0	1	20260611	160703	40	8	2	53.797	-0.4135	60	6.203	0	1	0	0.7004942	25	269	2	62.654	60	2.654	1	1	1	0.9837761	13	44	365
1	0	1	20260611	160705	41	8	2	59.8048	-0.013	60	0.1952	0	1	0	0.5507273	25	269	2	53.797	60	6.203	0	1	0	0.7004942	13	44	366
1	0	1	20260611	160707	42	8	2	49.4706	-0.702	60	10.5294	0	1	0	0.8161317	25	269	2	59.8048	60	0.1952	0	1	0	0.5507273	13	44	367
1	0	1	20260611	160710	43	8	2	51.1415	-0.5906	60	8.8585	0	1	0	0.6673533	25	269	2	49.4706	60	10.5294	0	1	0	0.8161317	13	44	368
1	0	1	20260611	160712	44	8	2	45.1196	-0.992	60	14.8804	0	1	0	0.7143499	25	269	2	51.1415	60	8.8585	0	1	0	0.6673533	13	44	369
1	0	1	20260611	160726	1	9	1	51.0604	-0.596	60	8.9396	0	1	0	1.1323521	0	269	2	45.1196	60	14.8804	0	1	0	0.7143499	13	57	370
1	0	1	20260611	160728	2	9	1	65.1596	0.344	60	5.1596	1	0	0	0.6810613	0	269	1	51.0604	60	8.9396	0	1	0	1.1323521	13	57	371
1	0	1	20260611	160731	3	9	1	71.8088	0.7873	60	11.8088	1	1	1	0.6340124	1	270	1	65.1596	60	5.1596	1	0	0	0.6810613	13	57	372
1	0	1	20260611	160733	4	9	1	63.4504	0.23	60	3.4504	1	0	0	1.8345845	1	270	1	71.8088	60	11.8088	1	1	1	0.6340124	13	57	373
1	0	1	20260611	160736	5	9	1	52.0947	-0.527	60	7.9053	0	0	1	0.6503202	2	271	1	63.4504	60	3.4504	1	0	0	1.8345845	13	57	374
1	0	1	20260611	160739	6	9	1	57.1086	-0.1928	60	2.8914	0	1	0	1.7488602	2	271	1	52.0947	60	7.9053	0	0	1	0.6503202	13	57	375
1	0	1	20260611	160742	7	9	1	63.916	0.2611	60	3.916	1	0	0	0.5486726	2	271	1	57.1086	60	2.8914	0	1	0	1.7488602	13	57	376
1	0	1	20260611	160745	8	9	1	57.5045	-0.1664	60	2.4955	0	0	1	0.5827594	3	272	1	63.916	60	3.916	1	0	0	0.5486726	13	57	377
1	0	1	20260611	160747	9	9	1	55.7564	-0.2829	60	4.2436	0	0	1	0.5982083	4	273	1	57.5045	60	2.4955	0	0	1	0.5827594	13	57	378
1	0	1	20260611	160749	10	9	1	59.3391	-0.0441	60	0.6609	0	0	1	1.5151854	5	274	1	55.7564	60	4.2436	0	0	1	0.5982083	13	57	379
1	0	1	20260611	160752	11	9	1	62.2078	0.1472	60	2.2078	1	0	0	1.8676071	5	274	1	59.3391	60	0.6609	0	0	1	1.5151854	13	57	380
1	0	1	20260611	160756	12	9	1	58.2997	-0.1134	60	1.7003	0	1	0	0.7658308	5	274	1	62.2078	60	2.2078	1	0	0	1.8676071	13	57	381
1	0	1	20260611	160758	13	9	1	57.9913	-0.1339	60	2.0087	0	0	1	0.7660992	6	275	1	58.2997	60	1.7003	0	1	0	0.7658308	13	57	382
1	0	1	20260611	160800	14	9	1	63.9543	0.2636	60	3.9543	1	1	1	1.7163429	7	276	1	57.9913	60	2.0087	0	0	1	0.7660992	13	57	383
1	0	1	20260611	160803	15	9	1	55.2271	-0.3182	60	4.7729	0	1	0	1.1156925	7	276	1	63.9543	60	3.9543	1	1	1	1.7163429	13	57	384
1	0	1	20260611	160806	16	9	1	49.3444	-0.7104	60	10.6556	0	0	1	0.9988138	8	277	1	55.2271	60	4.7729	0	1	0	1.1156925	13	57	385
1	0	1	20260611	160809	17	9	1	58.2501	-0.1167	60	1.7499	0	0	1	0.7982129	9	278	1	49.3444	60	10.6556	0	0	1	0.9988138	13	57	386
1	0	1	20260611	160811	18	9	1	74.3685	0.9579	60	14.3685	1	1	1	0.6330132	10	279	1	58.2501	60	1.7499	0	0	1	0.7982129	13	57	387
1	0	1	20260611	160813	19	9	1	70.9468	0.7298	60	10.9468	1	1	1	0.71528	11	280	1	74.3685	60	14.3685	1	1	1	0.6330132	13	57	388
1	0	1	20260611	160816	20	9	1	58.4976	-0.1002	60	1.5024	0	0	1	0.6663198	12	281	1	70.9468	60	10.9468	1	1	1	0.71528	13	57	389
1	0	1	20260611	160818	21	9	1	66.2046	0.4136	60	6.2046	1	0	0	0.6998099	12	281	1	58.4976	60	1.5024	0	0	1	0.6663198	13	57	390
1	0	1	20260611	160820	22	9	1	71.4375	0.7625	60	11.4375	1	1	1	0.7327618	13	282	1	66.2046	60	6.2046	1	0	0	0.6998099	13	57	391
1	0	1	20260611	160823	23	9	1	60.4396	0.0293	60	0.4396	1	0	0	0.6486222	13	282	1	71.4375	60	11.4375	1	1	1	0.7327618	13	57	392
1	0	1	20260611	160825	24	9	1	72.5233	0.8349	60	12.5233	1	1	1	1.532804	14	283	1	60.4396	60	0.4396	1	0	0	0.6486222	13	57	393
1	0	1	20260611	160828	25	9	1	66.4411	0.4294	60	6.4411	1	0	0	0.6843316	14	283	1	72.5233	60	12.5233	1	1	1	1.532804	13	57	394
1	0	1	20260611	160831	26	9	1	51.4863	-0.5676	60	8.5137	0	0	1	1.4828958	15	284	1	66.4411	60	6.4411	1	0	0	0.6843316	13	57	395
1	0	1	20260611	160834	27	9	1	55.3643	-0.309	60	4.6357	0	1	0	1.0676889	15	284	1	51.4863	60	8.5137	0	0	1	1.4828958	13	57	396
1	0	1	20260611	160836	28	9	1	56.5756	-0.2283	60	3.4244	0	0	1	0.8320979	16	285	1	55.3643	60	4.6357	0	1	0	1.0676889	13	57	397
1	0	1	20260611	160839	29	9	1	74.6379	0.9759	60	14.6379	1	1	1	0.7871007	17	286	1	56.5756	60	3.4244	0	0	1	0.8320979	13	57	398
1	0	1	20260611	160841	30	9	1	64.5321	0.3021	60	4.5321	1	0	0	0.7348449	17	286	1	74.6379	60	14.6379	1	1	1	0.7871007	13	57	399
1	0	1	20260611	160844	31	9	1	57.0135	-0.1991	60	2.9865	0	1	0	0.7480887	17	286	1	64.5321	60	4.5321	1	0	0	0.7348449	13	57	400
1	0	1	20260611	160846	32	9	1	52.6345	-0.491	60	7.3655	0	0	1	0.7167817	18	287	1	57.0135	60	2.9865	0	1	0	0.7480887	13	57	401
1	0	1	20260611	160848	33	9	1	66.2169	0.4145	60	6.2169	1	1	1	0.9162933	19	288	1	52.6345	60	7.3655	0	0	1	0.7167817	13	57	402
1	0	1	20260611	160851	34	9	1	70.4955	0.6997	60	10.4955	1	1	1	0.6317425	20	289	1	66.2169	60	6.2169	1	1	1	0.9162933	13	57	403
1	0	1	20260611	160853	35	9	1	72.4207	0.828	60	12.4207	1	1	1	0.6651591	21	290	1	70.4955	60	10.4955	1	1	1	0.6317425	13	57	404
1	0	1	20260611	160855	36	9	1	52.0522	-0.5299	60	7.9478	0	0	1	0.8010145	22	291	1	72.4207	60	12.4207	1	1	1	0.6651591	13	57	405
1	0	1	20260611	160858	37	9	1	57.6433	-0.1571	60	2.3567	0	0	1	0.6829811	23	292	1	52.0522	60	7.9478	0	0	1	0.8010145	13	57	406
1	0	1	20260611	160900	38	9	1	49.1899	-0.7207	60	10.8101	0	0	1	0.7156865	24	293	1	57.6433	60	2.3567	0	0	1	0.6829811	13	57	407
1	0	1	20260611	160902	39	9	1	74.045	0.9363	60	14.045	1	1	1	0.6503734	25	294	1	49.1899	60	10.8101	0	0	1	0.7156865	13	57	408
1	0	1	20260611	160904	40	9	1	74.7963	0.9864	60	14.7963	1	1	1	0.6301273	26	295	1	74.045	60	14.045	1	1	1	0.6503734	13	57	409
1	0	1	20260611	160907	41	9	1	71.8551	0.7903	60	11.8551	1	1	1	0.8824968	27	296	1	74.7963	60	14.7963	1	1	1	0.6301273	13	57	410
1	0	1	20260611	160909	42	9	1	45.5228	-0.9651	60	14.4772	0	0	1	0.5656378	28	297	1	71.8551	60	11.8551	1	1	1	0.8824968	13	57	411
1	0	1	20260611	160911	43	9	1	58.9594	-0.0694	60	1.0406	0	0	1	0.5486722	29	298	1	45.5228	60	14.4772	0	0	1	0.5656378	13	57	412
1	0	1	20260611	160913	44	9	1	65.6892	0.3793	60	5.6892	1	0	0	0.5350926	29	298	1	58.9594	60	1.0406	0	0	1	0.5486722	13	57	413
1	0	1	20260611	160915	45	9	1	47.071	-0.8619	60	12.929	0	0	1	0.663918	30	299	1	65.6892	60	5.6892	1	0	0	0.5350926	13	57	414
1	0	1	20260611	160918	46	9	1	67.9372	0.5291	60	7.9372	1	1	1	0.6159283	31	300	1	47.071	60	12.929	0	0	1	0.663918	13	57	415
1	0	1	20260611	160920	47	9	1	55.7095	-0.286	60	4.2905	0	0	1	0.6142879	32	301	1	67.9372	60	7.9372	1	1	1	0.6159283	13	57	416
1	0	1	20260611	160922	48	9	1	54.3557	-0.3763	60	5.6443	0	0	1	0.6001758	33	302	1	55.7095	60	4.2905	0	0	1	0.6142879	13	57	417
1	0	1	20260611	160924	49	9	1	67.575	0.505	60	7.575	1	0	0	0.600915	33	302	1	54.3557	60	5.6443	0	0	1	0.6001758	13	57	418
1	0	1	20260611	160926	50	9	1	61.7742	0.1183	60	1.7742	1	0	0	0.6471448	33	302	1	67.575	60	7.575	1	0	0	0.600915	13	57	419
1	0	1	20260611	160929	51	9	1	62.9378	0.1959	60	2.9378	1	0	0	0.4827253	33	302	1	61.7742	60	1.7742	1	0	0	0.6471448	13	57	420
1	0	1	20260611	160931	52	9	1	72.2582	0.8172	60	12.2582	1	0	0	1.3660294	33	302	1	62.9378	60	2.9378	1	0	0	0.4827253	13	57	421
1	0	1	20260611	160934	53	9	1	53.9586	-0.4028	60	6.0414	0	1	0	0.5669801	33	302	1	72.2582	60	12.2582	1	0	0	1.3660294	13	57	422
1	0	1	20260611	160936	54	9	1	71.9792	0.7986	60	11.9792	1	0	0	1.8684513	33	302	1	53.9586	60	6.0414	0	1	0	0.5669801	13	57	423
1	0	1	20260611	160939	55	9	1	60.1984	0.0132	60	0.1984	1	0	0	0.9824442	33	302	1	71.9792	60	11.9792	1	0	0	1.8684513	13	57	424
1	0	1	20260611	160942	56	9	1	56.8485	-0.2101	60	3.1515	0	0	1	0.7311342	34	303	1	60.1984	60	0.1984	1	0	0	0.9824442	13	57	425
1	0	1	20260611	160944	57	9	1	51.4704	-0.5686	60	8.5296	0	0	1	0.549552	35	304	1	56.8485	60	3.1515	0	0	1	0.7311342	13	57	426
1	0	1	20260611	160946	1	10	1	59.9808	-0.0013	60	0.0192	0	0	1	1.2674195	1	305	1	51.4704	60	8.5296	0	0	1	0.549552	13	47	427
1	0	1	20260611	160949	2	10	1	56.6698	-0.222	60	3.3302	0	0	1	0.5975296	2	306	1	59.9808	60	0.0192	0	0	1	1.2674195	13	47	428
1	0	1	20260611	160951	3	10	1	50.3391	-0.6441	60	9.6609	0	0	1	0.8161597	3	307	1	56.6698	60	3.3302	0	0	1	0.5975296	13	47	429
1	0	1	20260611	160954	4	10	1	58.4534	-0.1031	60	1.5466	0	1	0	0.8159831	3	307	1	50.3391	60	9.6609	0	0	1	0.8161597	13	47	430
1	0	1	20260611	160956	5	10	1	64.1384	0.2759	60	4.1384	1	1	1	0.6821268	4	308	1	58.4534	60	1.5466	0	1	0	0.8159831	13	47	431
1	0	1	20260611	160958	6	10	1	66.8812	0.4587	60	6.8812	1	0	0	0.6645853	4	308	1	64.1384	60	4.1384	1	1	1	0.6821268	13	47	432
1	0	1	20260611	161001	7	10	1	48.9629	-0.7358	60	11.0371	0	0	1	0.5489307	5	309	1	66.8812	60	6.8812	1	0	0	0.6645853	13	47	433
1	0	1	20260611	161003	8	10	1	56.8261	-0.2116	60	3.1739	0	0	1	1.5834351	6	310	1	48.9629	60	11.0371	0	0	1	0.5489307	13	47	434
1	0	1	20260611	161006	9	10	1	64.14	0.276	60	4.14	1	1	1	0.9997759	7	311	1	56.8261	60	3.1739	0	0	1	1.5834351	13	47	435
1	0	1	20260611	161008	10	10	1	51.6297	-0.558	60	8.3703	0	0	1	0.6354227	8	312	1	64.14	60	4.14	1	1	1	0.9997759	13	47	436
1	0	1	20260611	161011	11	10	1	69.4924	0.6328	60	9.4924	1	0	0	0.6656789	8	312	1	51.6297	60	8.3703	0	0	1	0.6354227	13	47	437
1	0	1	20260611	161013	12	10	1	60.2215	0.0148	60	0.2215	1	1	1	0.7523839	9	313	1	69.4924	60	9.4924	1	0	0	0.6656789	13	47	438
1	0	1	20260611	161015	13	10	1	65.5018	0.3668	60	5.5018	1	0	0	0.5507695	9	313	1	60.2215	60	0.2215	1	1	1	0.7523839	13	47	439
1	0	1	20260611	161017	14	10	1	64.0588	0.2706	60	4.0588	1	1	1	0.6653223	10	314	1	65.5018	60	5.5018	1	0	0	0.5507695	13	47	440
1	0	1	20260611	161019	15	10	1	48.8003	-0.7466	60	11.1997	0	0	1	0.7666199	11	315	1	64.0588	60	4.0588	1	1	1	0.6653223	13	47	441
1	0	1	20260611	161022	16	10	1	69.1043	0.607	60	9.1043	1	1	1	0.9661544	12	316	1	48.8003	60	11.1997	0	0	1	0.7666199	13	47	442
1	0	1	20260611	161024	17	10	1	64.9219	0.3281	60	4.9219	1	1	1	0.6811571	13	317	1	69.1043	60	9.1043	1	1	1	0.9661544	13	47	443
1	0	1	20260611	161027	18	10	1	50.786	-0.6143	60	9.214	0	1	0	1.3326071	13	317	1	64.9219	60	4.9219	1	1	1	0.6811571	13	47	444
1	0	1	20260611	161030	19	10	1	70.673	0.7115	60	10.673	1	1	1	0.5982975	14	318	1	50.786	60	9.214	0	1	0	1.3326071	13	47	445
1	0	1	20260611	161032	20	10	1	65.4605	0.364	60	5.4605	1	1	1	2.0340017	15	319	1	70.673	60	10.673	1	1	1	0.5982975	13	47	446
1	0	1	20260611	161035	21	10	1	61.2613	0.0841	60	1.2613	1	0	0	0.6649261	15	319	1	65.4605	60	5.4605	1	1	1	2.0340017	13	47	447
1	0	1	20260611	161037	22	10	1	73.9009	0.9267	60	13.9009	1	1	1	0.6509165	16	320	1	61.2613	60	1.2613	1	0	0	0.6649261	13	47	448
1	0	1	20260611	161040	23	10	1	64.6205	0.308	60	4.6205	1	1	1	1.018463	17	321	1	73.9009	60	13.9009	1	1	1	0.6509165	13	47	449
1	0	1	20260611	161042	24	10	1	54.7961	-0.3469	60	5.2039	0	0	1	0.7488538	18	322	1	64.6205	60	4.6205	1	1	1	1.018463	13	47	450
1	0	1	20260611	161045	25	10	1	59.9251	-0.005	60	0.0749	0	1	0	1.0853059	18	322	1	54.7961	60	5.2039	0	0	1	0.7488538	13	47	451
1	0	1	20260611	161047	26	10	1	46.1039	-0.9264	60	13.8961	0	0	1	0.6332125	19	323	1	59.9251	60	0.0749	0	1	0	1.0853059	13	47	452
1	0	1	20260611	161050	27	10	1	69.2931	0.6195	60	9.2931	1	0	0	1.0672067	19	323	1	46.1039	60	13.8961	0	0	1	0.6332125	13	47	453
1	0	1	20260611	161052	28	10	1	63.8896	0.2593	60	3.8896	1	1	1	1.4498356	20	324	1	69.2931	60	9.2931	1	0	0	1.0672067	13	47	454
1	0	1	20260611	161055	29	10	1	64.0746	0.2716	60	4.0746	1	0	0	0.684028	20	324	1	63.8896	60	3.8896	1	1	1	1.4498356	13	47	455
1	0	1	20260611	161058	30	10	1	61.4814	0.0988	60	1.4814	1	0	0	0.7816206	20	324	1	64.0746	60	4.0746	1	0	0	0.684028	13	47	456
1	0	1	20260611	161100	31	10	1	59.8113	-0.0126	60	0.1887	0	0	1	0.7844015	21	325	1	61.4814	60	1.4814	1	0	0	0.7816206	13	47	457
1	0	1	20260611	161102	32	10	1	69.0247	0.6016	60	9.0247	1	0	0	0.5176761	21	325	1	59.8113	60	0.1887	0	0	1	0.7844015	13	47	458
1	0	1	20260611	161105	33	10	1	50.2577	-0.6495	60	9.7423	0	0	1	0.9168117	22	326	1	69.0247	60	9.0247	1	0	0	0.5176761	13	47	459
1	0	1	20260611	161107	34	10	1	60.1601	0.0107	60	0.1601	1	0	0	0.5153374	22	326	1	50.2577	60	9.7423	0	0	1	0.9168117	13	47	460
1	0	1	20260611	161109	35	10	1	66.0827	0.4055	60	6.0827	1	1	1	1.1669761	23	327	1	60.1601	60	0.1601	1	0	0	0.5153374	13	47	461
1	0	1	20260611	161112	36	10	1	51.7059	-0.5529	60	8.2941	0	0	1	1.2993266	24	328	1	66.0827	60	6.0827	1	1	1	1.1669761	13	47	462
1	0	1	20260611	161115	37	10	1	58.7412	-0.0839	60	1.2588	0	0	1	0.4811011	25	329	1	51.7059	60	8.2941	0	0	1	1.2993266	13	47	463
1	0	1	20260611	161118	38	10	1	59.4779	-0.0348	60	0.5221	0	1	0	0.6165571	25	329	1	58.7412	60	1.2588	0	0	1	0.4811011	13	47	464
1	0	1	20260611	161120	39	10	1	64.7612	0.3174	60	4.7612	1	0	0	0.6498517	25	329	1	59.4779	60	0.5221	0	1	0	0.6165571	13	47	465
1	0	1	20260611	161122	40	10	1	58.1522	-0.1232	60	1.8478	0	1	0	0.3999929	25	329	1	64.7612	60	4.7612	1	0	0	0.6498517	13	47	466
1	0	1	20260611	161124	41	10	1	52.832	-0.4779	60	7.168	0	0	1	0.6160751	26	330	1	58.1522	60	1.8478	0	1	0	0.3999929	13	47	467
1	0	1	20260611	161126	42	10	1	53.5059	-0.4329	60	6.4941	0	0	1	0.7163291	27	331	1	52.832	60	7.168	0	0	1	0.6160751	13	47	468
1	0	1	20260611	161129	43	10	1	72.0588	0.8039	60	12.0588	1	1	1	0.632472	28	332	1	53.5059	60	6.4941	0	0	1	0.7163291	13	47	469
1	0	1	20260611	161131	44	10	1	60.757	0.0505	60	0.757	1	1	1	0.5848984	29	333	1	72.0588	60	12.0588	1	1	1	0.632472	13	47	470
1	0	1	20260611	161133	45	10	1	48.0374	-0.7975	60	11.9626	0	1	0	0.6318738	29	333	1	60.757	60	0.757	1	1	1	0.5848984	13	47	471
1	0	1	20260611	161136	46	10	1	61.0692	0.0713	60	1.0692	1	1	1	0.5668775	30	334	1	48.0374	60	11.9626	0	1	0	0.6318738	13	47	472
1	0	1	20260611	161138	47	10	1	58.4869	-0.1009	60	1.5131	0	0	1	0.6991572	31	335	1	61.0692	60	1.0692	1	1	1	0.5668775	13	47	473
1	0	1	20260611	161142	1	11	1	57.687	-0.1542	60	2.313	0	0	1	1.4005194	1	336	1	58.4869	60	1.5131	0	0	1	0.6991572	13	49	474
1	0	1	20260611	161145	2	11	1	61.2816	0.0854	60	1.2816	1	0	0	0.8311317	1	336	1	57.687	60	2.313	0	0	1	1.4005194	13	49	475
1	0	1	20260611	161148	3	11	1	59.6571	-0.0229	60	0.3429	0	1	0	0.4488993	1	336	1	61.2816	60	1.2816	1	0	0	0.8311317	13	49	476
1	0	1	20260611	161150	4	11	1	72.2053	0.8137	60	12.2053	1	1	1	0.6159681	2	337	1	59.6571	60	0.3429	0	1	0	0.4488993	13	49	477
1	0	1	20260611	161153	5	11	1	51.9421	-0.5372	60	8.0579	0	1	0	0.7155081	2	337	1	72.2053	60	12.2053	1	1	1	0.6159681	13	49	478
1	0	1	20260611	161156	6	11	1	57.594	-0.1604	60	2.406	0	1	0	0.4513604	2	337	1	51.9421	60	8.0579	0	1	0	0.7155081	13	49	479
1	0	1	20260611	161158	7	11	1	61.3501	0.09	60	1.3501	1	0	0	0.614717	2	337	1	57.594	60	2.406	0	1	0	0.4513604	13	49	480
1	0	1	20260611	161200	8	11	1	46.9057	-0.873	60	13.0943	0	1	0	0.5315988	2	337	1	61.3501	60	1.3501	1	0	0	0.614717	13	49	481
1	0	1	20260611	161202	9	11	1	68.9133	0.5942	60	8.9133	1	0	0	0.4823166	2	337	1	46.9057	60	13.0943	0	1	0	0.5315988	13	49	482
1	0	1	20260611	161205	10	11	1	62.9646	0.1976	60	2.9646	1	1	1	0.599101	3	338	1	68.9133	60	8.9133	1	0	0	0.4823166	13	49	483
1	0	1	20260611	161207	11	11	1	56.1346	-0.2577	60	3.8654	0	0	1	0.5325066	4	339	1	62.9646	60	2.9646	1	1	1	0.599101	13	49	484
1	0	1	20260611	161209	12	11	1	58.6795	-0.088	60	1.3205	0	1	0	0.8651692	4	339	1	56.1346	60	3.8654	0	0	1	0.5325066	13	49	485
1	0	1	20260611	161212	13	11	1	68.2077	0.5472	60	8.2077	1	0	0	0.4658614	4	339	1	58.6795	60	1.3205	0	1	0	0.8651692	13	49	486
1	0	1	20260611	161214	14	11	1	57.3088	-0.1794	60	2.6912	0	1	0	0.3692481	4	339	1	68.2077	60	8.2077	1	0	0	0.4658614	13	49	487
1	0	1	20260611	161216	15	11	1	55.9423	-0.2705	60	4.0577	0	1	0	0.5169853	4	339	1	57.3088	60	2.6912	0	1	0	0.3692481	13	49	488
1	0	1	20260611	161218	16	11	1	58.9578	-0.0695	60	1.0422	0	0	1	0.5147796	5	340	1	55.9423	60	4.0577	0	1	0	0.5169853	13	49	489
1	0	1	20260611	161220	17	11	1	61.8092	0.1206	60	1.8092	1	1	1	0.5832517	6	341	1	58.9578	60	1.0422	0	0	1	0.5147796	13	49	490
1	0	1	20260611	161223	18	11	1	54.0839	-0.3944	60	5.9161	0	0	1	0.9698749	7	342	1	61.8092	60	1.8092	1	1	1	0.5832517	13	49	491
1	0	1	20260611	161226	19	11	1	57.7336	-0.1511	60	2.2664	0	0	1	0.6820481	8	343	1	54.0839	60	5.9161	0	0	1	0.9698749	13	49	492
1	0	1	20260611	161228	20	11	1	59.6344	-0.0244	60	0.3656	0	0	1	0.433405	9	344	1	57.7336	60	2.2664	0	0	1	0.6820481	13	49	493
1	0	1	20260611	161230	21	11	1	60.3797	0.0253	60	0.3797	1	0	0	0.76676	9	344	1	59.6344	60	0.3656	0	0	1	0.433405	13	49	494
1	0	1	20260611	161232	22	11	1	58.2627	-0.1158	60	1.7373	0	1	0	0.9669493	9	344	1	60.3797	60	0.3797	1	0	0	0.76676	13	49	495
1	0	1	20260611	161235	23	11	1	63.1756	0.2117	60	3.1756	1	0	0	0.5820692	9	344	1	58.2627	60	1.7373	0	1	0	0.9669493	13	49	496
1	0	1	20260611	161237	24	11	1	56.3886	-0.2408	60	3.6114	0	0	1	2.0663407	10	345	1	63.1756	60	3.1756	1	0	0	0.5820692	13	49	497
1	0	1	20260611	161241	25	11	1	53.7088	-0.4194	60	6.2912	0	0	1	0.5491022	11	346	1	56.3886	60	3.6114	0	0	1	2.0663407	13	49	498
1	0	1	20260611	161243	26	11	1	74.2699	0.9513	60	14.2699	1	1	1	0.7167796	12	347	1	53.7088	60	6.2912	0	0	1	0.5491022	13	49	499
1	0	1	20260611	161245	27	11	1	53.3594	-0.4427	60	6.6406	0	0	1	1.100402	13	348	1	74.2699	60	14.2699	1	1	1	0.7167796	13	49	500
1	0	1	20260611	161248	28	11	1	62.5377	0.1692	60	2.5377	1	1	1	1.7158826	14	349	1	53.3594	60	6.6406	0	0	1	1.100402	13	49	501
1	0	1	20260611	161252	29	11	1	50.0986	-0.6601	60	9.9014	0	0	1	0.5821554	15	350	1	62.5377	60	2.5377	1	1	1	1.7158826	13	49	502
1	0	1	20260611	161254	30	11	1	72.9105	0.8607	60	12.9105	1	1	1	0.8001349	16	351	1	50.0986	60	9.9014	0	0	1	0.5821554	13	49	503
1	0	1	20260611	161257	31	11	1	58.9645	-0.069	60	1.0355	0	0	1	0.6643355	17	352	1	72.9105	60	12.9105	1	1	1	0.8001349	13	49	504
1	0	1	20260611	161259	32	11	1	69.6513	0.6434	60	9.6513	1	1	1	1.2833339	18	353	1	58.9645	60	1.0355	0	0	1	0.6643355	13	49	505
1	0	1	20260611	161302	33	11	1	66.1521	0.4101	60	6.1521	1	1	1	1.2001023	19	354	1	69.6513	60	9.6513	1	1	1	1.2833339	13	49	506
1	0	1	20260611	161304	34	11	1	58.2455	-0.117	60	1.7545	0	0	1	1.0826584	20	355	1	66.1521	60	6.1521	1	1	1	1.2001023	13	49	507
1	0	1	20260611	161307	35	11	1	54.7583	-0.3494	60	5.2417	0	0	1	0.6173023	21	356	1	58.2455	60	1.7545	0	0	1	1.0826584	13	49	508
1	0	1	20260611	161309	36	11	1	63.6604	0.244	60	3.6604	1	1	1	0.8673917	22	357	1	54.7583	60	5.2417	0	0	1	0.6173023	13	49	509
1	0	1	20260611	161312	37	11	1	68.1002	0.54	60	8.1002	1	0	0	0.6477928	22	357	1	63.6604	60	3.6604	1	1	1	0.8673917	13	49	510
1	0	1	20260611	161314	38	11	1	68.0471	0.5365	60	8.0471	1	1	1	0.4823146	23	358	1	68.1002	60	8.1002	1	0	0	0.6477928	13	49	511
1	0	1	20260611	161316	39	11	1	51.8148	-0.5457	60	8.1852	0	1	0	0.7151824	23	358	1	68.0471	60	8.0471	1	1	1	0.4823146	13	49	512
1	0	1	20260611	161319	40	11	1	63.2723	0.2182	60	3.2723	1	0	0	0.5659532	23	358	1	51.8148	60	8.1852	0	1	0	0.7151824	13	49	513
1	0	1	20260611	161321	41	11	1	73.9003	0.9267	60	13.9003	1	1	1	0.7643991	24	359	1	63.2723	60	3.2723	1	0	0	0.5659532	13	49	514
1	0	1	20260611	161323	42	11	1	72.4962	0.8331	60	12.4962	1	1	1	1.4853501	25	360	1	73.9003	60	13.9003	1	1	1	0.7643991	13	49	515
1	0	1	20260611	161327	43	11	1	54.3569	-0.3762	60	5.6431	0	0	1	0.7155816	26	361	1	72.4962	60	12.4962	1	1	1	1.4853501	13	49	516
1	0	1	20260611	161330	44	11	1	61.5845	0.1056	60	1.5845	1	1	1	0.5999234	27	362	1	54.3569	60	5.6431	0	0	1	0.7155816	13	49	517
1	0	1	20260611	161333	45	11	1	56.9079	-0.2061	60	3.0921	0	0	1	1.5337571	28	363	1	61.5845	60	1.5845	1	1	1	0.5999234	13	49	518
1	0	1	20260611	161337	46	11	1	52.6566	-0.4896	60	7.3434	0	1	0	0.5998695	28	363	1	56.9079	60	3.0921	0	0	1	1.5337571	13	49	519
1	0	1	20260611	161339	47	11	1	61.057	0.0705	60	1.057	1	1	1	0.4660503	29	364	1	52.6566	60	7.3434	0	1	0	0.5998695	13	49	520
1	0	1	20260611	161341	48	11	1	58.7151	-0.0857	60	1.2849	0	1	0	0.5333181	29	364	1	61.057	60	1.057	1	1	1	0.4660503	13	49	521
1	0	1	20260611	161343	49	11	1	68.2876	0.5525	60	8.2876	1	1	1	0.583485	30	365	1	58.7151	60	1.2849	0	1	0	0.5333181	13	49	522
1	0	1	20260611	161346	1	12	1	59.6559	-0.0229	60	0.3441	0	1	0	0.6669619	0	365	1	68.2876	60	8.2876	1	1	1	0.583485	13	58	523
1	0	1	20260611	161348	2	12	1	56.7447	-0.217	60	3.2553	0	1	0	0.3471954	0	365	1	59.6559	60	0.3441	0	1	0	0.6669619	13	58	524
1	0	1	20260611	161350	3	12	1	51.596	-0.5603	60	8.404	0	1	0	0.9016541	0	365	1	56.7447	60	3.2553	0	1	0	0.3471954	13	58	525
1	0	1	20260611	161353	4	12	1	65.1153	0.341	60	5.1153	1	1	1	0.3983001	1	366	1	51.596	60	8.404	0	1	0	0.9016541	13	58	526
1	0	1	20260611	161402	5	12	1	55.1046	-0.3264	60	4.8954	0	0	1	0.5161384	2	367	1	65.1153	60	5.1153	1	1	1	0.3983001	13	58	527
1	0	1	20260611	161404	6	12	1	55.8632	-0.2758	60	4.1368	0	0	1	0.5136623	3	368	1	55.1046	60	4.8954	0	0	1	0.5161384	13	58	528
1	0	1	20260611	161406	7	12	1	69.6654	0.6444	60	9.6654	1	1	1	0.5505436	4	369	1	55.8632	60	4.1368	0	0	1	0.5136623	13	58	529
1	0	1	20260611	161409	8	12	1	47.7911	-0.8139	60	12.2089	0	0	1	0.6332274	5	370	1	69.6654	60	9.6654	1	1	1	0.5505436	13	58	530
1	0	1	20260611	161411	9	12	1	51.2263	-0.5849	60	8.7737	0	0	1	1.0003942	6	371	1	47.7911	60	12.2089	0	0	1	0.6332274	13	58	531
1	0	1	20260611	161414	10	12	1	49.2973	-0.7135	60	10.7027	0	1	0	0.6153952	6	371	1	51.2263	60	8.7737	0	0	1	1.0003942	13	58	532
1	0	1	20260611	161416	11	12	1	61.406	0.0937	60	1.406	1	0	0	0.6674302	6	371	1	49.2973	60	10.7027	0	1	0	0.6153952	13	58	533
1	0	1	20260611	161418	12	12	1	68.039	0.5359	60	8.039	1	0	0	0.6508521	6	371	1	61.406	60	1.406	1	0	0	0.6674302	13	58	534
1	0	1	20260611	161421	13	12	1	59.2078	-0.0528	60	0.7922	0	0	1	0.6164472	7	372	1	68.039	60	8.039	1	0	0	0.6508521	13	58	535
1	0	1	20260611	161423	14	12	1	48.8485	-0.7434	60	11.1515	0	0	1	0.6830056	8	373	1	59.2078	60	0.7922	0	0	1	0.6164472	13	58	536
1	0	1	20260611	161425	15	12	1	52.331	-0.5113	60	7.669	0	1	0	1.6987959	8	373	1	48.8485	60	11.1515	0	0	1	0.6830056	13	58	537
1	0	1	20260611	161429	16	12	1	54.8713	-0.3419	60	5.1287	0	0	1	0.6511985	9	374	1	52.331	60	7.669	0	1	0	1.6987959	13	58	538
1	0	1	20260611	161431	17	12	1	58.5033	-0.0998	60	1.4967	0	0	1	2.0180225	10	375	1	54.8713	60	5.1287	0	0	1	0.6511985	13	58	539
1	0	1	20260611	161435	18	12	1	72.6373	0.8425	60	12.6373	1	1	1	0.717199	11	376	1	58.5033	60	1.4967	0	0	1	2.0180225	13	58	540
1	0	1	20260611	161437	19	12	1	65.4493	0.3633	60	5.4493	1	0	0	0.7328576	11	376	1	72.6373	60	12.6373	1	1	1	0.717199	13	58	541
1	0	1	20260611	161439	20	12	1	58.305	-0.113	60	1.695	0	1	0	0.5672571	11	376	1	65.4493	60	5.4493	1	0	0	0.7328576	13	58	542
1	0	1	20260611	161441	21	12	1	57.2037	-0.1864	60	2.7963	0	0	1	0.6986395	12	377	1	58.305	60	1.695	0	1	0	0.5672571	13	58	543
1	0	1	20260611	161444	22	12	1	62.4735	0.1649	60	2.4735	1	1	1	1.5843779	13	378	1	57.2037	60	2.7963	0	0	1	0.6986395	13	58	544
1	0	1	20260611	161447	23	12	1	50.6375	-0.6242	60	9.3625	0	0	1	0.5665047	14	379	1	62.4735	60	2.4735	1	1	1	1.5843779	13	58	545
1	0	1	20260611	161450	24	12	1	59.2808	-0.0479	60	0.7192	0	0	1	1.6834688	15	380	1	50.6375	60	9.3625	0	0	1	0.5665047	13	58	546
1	0	1	20260611	161453	25	12	1	65.6152	0.3743	60	5.6152	1	1	1	0.7333149	16	381	1	59.2808	60	0.7192	0	0	1	1.6834688	13	58	547
1	0	1	20260611	161456	26	12	1	65.736	0.3824	60	5.736	1	1	1	0.6320684	17	382	1	65.6152	60	5.6152	1	1	1	0.7333149	13	58	548
1	0	1	20260611	161458	27	12	1	62.9212	0.1947	60	2.9212	1	0	0	0.8024056	17	382	1	65.736	60	5.736	1	1	1	0.6320684	13	58	549
1	0	1	20260611	161501	28	12	1	69.1762	0.6117	60	9.1762	1	0	0	0.7163479	17	382	1	62.9212	60	2.9212	1	0	0	0.8024056	13	58	550
1	0	1	20260611	161504	29	12	1	64.1447	0.2763	60	4.1447	1	0	0	0.7994182	17	382	1	69.1762	60	9.1762	1	0	0	0.7163479	13	58	551
1	0	1	20260611	161506	30	12	1	63.8231	0.2549	60	3.8231	1	0	0	0.5812572	17	382	1	64.1447	60	4.1447	1	0	0	0.7994182	13	58	552
1	0	1	20260611	161508	31	12	1	66.444	0.4296	60	6.444	1	0	0	0.5816499	17	382	1	63.8231	60	3.8231	1	0	0	0.5812572	13	58	553
1	0	1	20260611	161511	32	12	1	58.8539	-0.0764	60	1.1461	0	0	1	1.7155354	18	383	1	66.444	60	6.444	1	0	0	0.5816499	13	58	554
1	0	1	20260611	161514	33	12	1	52.164	-0.5224	60	7.836	0	0	1	0.8148192	19	384	1	58.8539	60	1.1461	0	0	1	1.7155354	13	58	555
1	0	1	20260611	161517	34	12	1	72.3468	0.8231	60	12.3468	1	1	1	0.7316416	20	385	1	52.164	60	7.836	0	0	1	0.8148192	13	58	556
1	0	1	20260611	161519	35	12	1	64.836	0.3224	60	4.836	1	1	1	1.0332811	21	386	1	72.3468	60	12.3468	1	1	1	0.7316416	13	58	557
1	0	1	20260611	161522	36	12	1	56.8222	-0.2119	60	3.1778	0	0	1	0.4645024	22	387	1	64.836	60	4.836	1	1	1	1.0332811	13	58	558
1	0	1	20260611	161524	37	12	1	60.7399	0.0493	60	0.7399	1	0	0	0.4830826	22	387	1	56.8222	60	3.1778	0	0	1	0.4645024	13	58	559
1	0	1	20260611	161526	38	12	1	56.267	-0.2489	60	3.733	0	0	1	0.6328202	23	388	1	60.7399	60	0.7399	1	0	0	0.4830826	13	58	560
1	0	1	20260611	161528	39	12	1	75	1	60	15	1	1	1	0.6152669	24	389	1	56.267	60	3.733	0	0	1	0.6328202	13	58	561
1	0	1	20260611	161530	40	12	1	72.7754	0.8517	60	12.7754	1	1	1	1.1673615	25	390	1	75	60	15	1	1	1	0.6152669	13	58	562
1	0	1	20260611	161533	41	12	1	47.024	-0.8651	60	12.976	0	0	1	0.6478064	26	391	1	72.7754	60	12.7754	1	1	1	1.1673615	13	58	563
1	0	1	20260611	161535	42	12	1	54.0488	-0.3967	60	5.9512	0	0	1	0.7009894	27	392	1	47.024	60	12.976	0	0	1	0.6478064	13	58	564
1	0	1	20260611	161538	43	12	1	59.4744	-0.035	60	0.5256	0	0	1	0.4158069	28	393	1	54.0488	60	5.9512	0	0	1	0.7009894	13	58	565
1	0	1	20260611	161540	44	12	1	57.7321	-0.1512	60	2.2679	0	0	1	0.6819407	29	394	1	59.4744	60	0.5256	0	0	1	0.4158069	13	58	566
1	0	1	20260611	161542	45	12	1	68.6843	0.579	60	8.6843	1	1	1	0.6336474	30	395	1	57.7321	60	2.2679	0	0	1	0.6819407	13	58	567
1	0	1	20260611	161545	46	12	1	66.1794	0.412	60	6.1794	1	0	0	0.6342564	30	395	1	68.6843	60	8.6843	1	1	1	0.6336474	13	58	568
1	0	1	20260611	161547	47	12	1	65.5549	0.3703	60	5.5549	1	1	1	0.6992887	31	396	1	66.1794	60	6.1794	1	0	0	0.6342564	13	58	569
1	0	1	20260611	161549	48	12	1	71.647	0.7765	60	11.647	1	0	0	0.6496232	31	396	1	65.5549	60	5.5549	1	1	1	0.6992887	13	58	570
1	0	1	20260611	161552	49	12	1	69.6808	0.6454	60	9.6808	1	0	0	0.6665072	31	396	1	71.647	60	11.647	1	0	0	0.6496232	13	58	571
1	0	1	20260611	161554	50	12	1	64.6976	0.3132	60	4.6976	1	0	0	0.5663695	31	396	1	69.6808	60	9.6808	1	0	0	0.6665072	13	58	572
1	0	1	20260611	161556	51	12	1	67.4002	0.4933	60	7.4002	1	0	0	0.6474575	31	396	1	64.6976	60	4.6976	1	0	0	0.5663695	13	58	573
1	0	1	20260611	161559	52	12	1	52.9476	-0.4702	60	7.0524	0	0	1	0.565928	32	397	1	67.4002	60	7.4002	1	0	0	0.6474575	13	58	574
1	0	1	20260611	161601	53	12	1	71.0501	0.7367	60	11.0501	1	1	1	0.7341787	33	398	1	52.9476	60	7.0524	0	0	1	0.565928	13	58	575
1	0	1	20260611	161603	54	12	1	58.4494	-0.1034	60	1.5506	0	1	0	0.6500715	33	398	1	71.0501	60	11.0501	1	1	1	0.7341787	13	58	576
1	0	1	20260611	161606	55	12	1	59.4238	-0.0384	60	0.5762	0	0	1	0.4499409	34	399	1	58.4494	60	1.5506	0	1	0	0.6500715	13	58	577
1	0	1	20260611	161608	56	12	1	60.6551	0.0437	60	0.6551	1	0	0	0.3149054	34	399	1	59.4238	60	0.5762	0	0	1	0.4499409	13	58	578
1	0	1	20260611	161610	57	12	1	66.7632	0.4509	60	6.7632	1	0	0	0.615492	34	399	1	60.6551	60	0.6551	1	0	0	0.3149054	13	58	579
1	0	1	20260611	161612	58	12	1	61.1508	0.0767	60	1.1508	1	1	1	0.4328891	35	400	1	66.7632	60	6.7632	1	0	0	0.615492	13	58	580
1	0	1	20260611	161614	1	13	1	74.6894	0.9793	60	14.6894	1	1	1	0.649567	1	401	1	61.1508	60	1.1508	1	1	1	0.4328891	13	50	581
1	0	1	20260611	161616	2	13	1	57.9983	-0.1334	60	2.0017	0	0	1	0.599911	2	402	1	74.6894	60	14.6894	1	1	1	0.649567	13	50	582
1	0	1	20260611	161619	3	13	1	67.502	0.5001	60	7.502	1	1	1	0.4665749	3	403	1	57.9983	60	2.0017	0	0	1	0.599911	13	50	583
1	0	1	20260611	161621	4	13	1	52.4729	-0.5018	60	7.5271	0	1	0	0.5679772	3	403	1	67.502	60	7.502	1	1	1	0.4665749	13	50	584
1	0	1	20260611	161623	5	13	1	59.7737	-0.0151	60	0.2263	0	1	0	0.7827346	3	403	1	52.4729	60	7.5271	0	1	0	0.5679772	13	50	585
1	0	1	20260611	161625	6	13	1	64.6407	0.3094	60	4.6407	1	1	1	0.5167697	4	404	1	59.7737	60	0.2263	0	1	0	0.7827346	13	50	586
1	0	1	20260611	161627	7	13	1	54.246	-0.3836	60	5.754	0	1	0	0.4988609	4	404	1	64.6407	60	4.6407	1	1	1	0.5167697	13	50	587
1	0	1	20260611	161630	8	13	1	74.2021	0.9468	60	14.2021	1	1	1	0.6653193	5	405	1	54.246	60	5.754	0	1	0	0.4988609	13	50	588
1	0	1	20260611	161632	9	13	1	58.8408	-0.0773	60	1.1592	0	1	0	0.7850147	5	405	1	74.2021	60	14.2021	1	1	1	0.6653193	13	50	589
1	0	1	20260611	161634	10	13	1	60.7251	0.0483	60	0.7251	1	1	1	0.4841852	6	406	1	58.8408	60	1.1592	0	1	0	0.7850147	13	50	590
1	0	1	20260611	161650	11	13	1	74.2595	0.9506	60	14.2595	1	1	1	0.549317	7	407	1	60.7251	60	0.7251	1	1	1	0.4841852	13	50	591
1	0	1	20260611	161652	12	13	1	65.4598	0.364	60	5.4598	1	1	1	0.6015485	8	408	1	74.2595	60	14.2595	1	1	1	0.549317	13	50	592
1	0	1	20260611	161654	13	13	1	68.4352	0.5623	60	8.4352	1	1	1	0.4996608	9	409	1	65.4598	60	5.4598	1	1	1	0.6015485	13	50	593
1	0	1	20260611	161656	14	13	1	60.7769	0.0518	60	0.7769	1	1	1	0.7998341	10	410	1	68.4352	60	8.4352	1	1	1	0.4996608	13	50	594
1	0	1	20260611	161658	15	13	1	56.8811	-0.2079	60	3.1189	0	1	0	0.6506529	10	410	1	60.7769	60	0.7769	1	1	1	0.7998341	13	50	595
1	0	1	20260611	161701	16	13	1	63.9316	0.2621	60	3.9316	1	0	0	0.6495786	10	410	1	56.8811	60	3.1189	0	1	0	0.6506529	13	50	596
1	0	1	20260611	161703	17	13	1	69.4927	0.6328	60	9.4927	1	1	1	0.6663022	11	411	1	63.9316	60	3.9316	1	0	0	0.6495786	13	50	597
1	0	1	20260611	161705	18	13	1	56.7182	-0.2188	60	3.2818	0	1	0	0.7652481	11	411	1	69.4927	60	9.4927	1	1	1	0.6663022	13	50	598
1	0	1	20260611	161708	19	13	1	65.3187	0.3546	60	5.3187	1	1	1	0.8819648	12	412	1	56.7182	60	3.2818	0	1	0	0.7652481	13	50	599
1	0	1	20260611	161710	20	13	1	57.7595	-0.1494	60	2.2405	0	1	0	0.816534	12	412	1	65.3187	60	5.3187	1	1	1	0.8819648	13	50	600
1	0	1	20260611	161712	21	13	1	63.6189	0.2413	60	3.6189	1	0	0	0.5999991	12	412	1	57.7595	60	2.2405	0	1	0	0.816534	13	50	601
1	0	1	20260611	161715	22	13	1	57.0505	-0.1966	60	2.9495	0	0	1	1.1531116	13	413	1	63.6189	60	3.6189	1	0	0	0.5999991	13	50	602
1	0	1	20260611	161717	23	13	1	73.922	0.9281	60	13.922	1	1	1	0.6015267	14	414	1	57.0505	60	2.9495	0	0	1	1.1531116	13	50	603
1	0	1	20260611	161720	24	13	1	70.2257	0.6817	60	10.2257	1	1	1	0.6143643	15	415	1	73.922	60	13.922	1	1	1	0.6015267	13	50	604
1	0	1	20260611	161722	25	13	1	51.8195	-0.5454	60	8.1805	0	0	1	1.0514589	16	416	1	70.2257	60	10.2257	1	1	1	0.6143643	13	50	605
1	0	1	20260611	161724	26	13	1	56.3767	-0.2416	60	3.6233	0	0	1	0.65019	17	417	1	51.8195	60	8.1805	0	0	1	1.0514589	13	50	606
1	0	1	20260611	161727	27	13	1	49.0011	-0.7333	60	10.9989	0	0	1	0.6157843	18	418	1	56.3767	60	3.6233	0	0	1	0.65019	13	50	607
1	0	1	20260611	161729	28	13	1	61.617	0.1078	60	1.617	1	0	0	0.647242	18	418	1	49.0011	60	10.9989	0	0	1	0.6157843	13	50	608
1	0	1	20260611	161731	29	13	1	62.1442	0.1429	60	2.1442	1	0	0	0.5645289	18	418	1	61.617	60	1.617	1	0	0	0.647242	13	50	609
1	0	1	20260611	161734	30	13	1	62.5498	0.17	60	2.5498	1	0	0	0.5340415	18	418	1	62.1442	60	2.1442	1	0	0	0.5645289	13	50	610
1	0	1	20260611	161736	31	13	1	67.4344	0.4956	60	7.4344	1	1	1	0.6995944	19	419	1	62.5498	60	2.5498	1	0	0	0.5340415	13	50	611
1	0	1	20260611	161738	32	13	1	58.6747	-0.0884	60	1.3253	0	1	0	0.815458	19	419	1	67.4344	60	7.4344	1	1	1	0.6995944	13	50	612
1	0	1	20260611	161741	33	13	1	57.6025	-0.1598	60	2.3975	0	1	0	1.4487964	19	419	1	58.6747	60	1.3253	0	1	0	0.815458	13	50	613
1	0	1	20260611	161744	34	13	1	56.219	-0.2521	60	3.781	0	0	1	0.5995329	20	420	1	57.6025	60	2.3975	0	1	0	1.4487964	13	50	614
1	0	1	20260611	161746	35	13	1	53.1161	-0.4589	60	6.8839	0	0	1	0.4150341	21	421	1	56.219	60	3.781	0	0	1	0.5995329	13	50	615
1	0	1	20260611	161748	36	13	1	45.9367	-0.9376	60	14.0633	0	0	1	0.4821311	22	422	1	53.1161	60	6.8839	0	0	1	0.4150341	13	50	616
1	0	1	20260611	161750	37	13	1	70.7911	0.7194	60	10.7911	1	1	1	0.7161833	23	423	1	45.9367	60	14.0633	0	0	1	0.4821311	13	50	617
1	0	1	20260611	161753	38	13	1	55.3764	-0.3082	60	4.6236	0	1	0	0.6826545	23	423	1	70.7911	60	10.7911	1	1	1	0.7161833	13	50	618
1	0	1	20260611	161755	39	13	1	72.1509	0.8101	60	12.1509	1	1	1	0.8665542	24	424	1	55.3764	60	4.6236	0	1	0	0.6826545	13	50	619
1	0	1	20260611	161757	40	13	1	59.6278	-0.0248	60	0.3722	0	0	1	0.6654013	25	425	1	72.1509	60	12.1509	1	1	1	0.8665542	13	50	620
1	0	1	20260611	161759	41	13	1	67.2707	0.4847	60	7.2707	1	1	1	0.9166307	26	426	1	59.6278	60	0.3722	0	0	1	0.6654013	13	50	621
1	0	1	20260611	161802	42	13	1	65.7191	0.3813	60	5.7191	1	0	0	0.5989996	26	426	1	67.2707	60	7.2707	1	1	1	0.9166307	13	50	622
1	0	1	20260611	161804	43	13	1	53.0572	-0.4629	60	6.9428	0	0	1	0.5657496	27	427	1	65.7191	60	5.7191	1	0	0	0.5989996	13	50	623
1	0	1	20260611	161807	44	13	1	72.0119	0.8008	60	12.0119	1	1	1	0.682516	28	428	1	53.0572	60	6.9428	0	0	1	0.5657496	13	50	624
1	0	1	20260611	161809	45	13	1	46.4233	-0.9051	60	13.5767	0	0	1	0.6476247	29	429	1	72.0119	60	12.0119	1	1	1	0.682516	13	50	625
1	0	1	20260611	161812	46	13	1	68.3487	0.5566	60	8.3487	1	1	1	1.4837208	30	430	1	46.4233	60	13.5767	0	0	1	0.6476247	13	50	626
1	0	1	20260611	161815	47	13	1	53.3825	-0.4412	60	6.6175	0	0	1	1.7505281	31	431	1	68.3487	60	8.3487	1	1	1	1.4837208	13	50	627
1	0	1	20260611	161818	48	13	1	71.1644	0.7443	60	11.1644	1	1	1	0.701386	32	432	1	53.3825	60	6.6175	0	0	1	1.7505281	13	50	628
1	0	1	20260611	161821	49	13	1	58.0958	-0.1269	60	1.9042	0	0	1	0.9488534	33	433	1	71.1644	60	11.1644	1	1	1	0.701386	13	50	629
1	0	1	20260611	161823	50	13	1	55.7063	-0.2862	60	4.2937	0	1	0	0.7710567	33	433	1	58.0958	60	1.9042	0	0	1	0.9488534	13	50	630
001,0,2,20260611,165627,1,1,2,55.681,-0.2879,60.0,4.319,0,1,0,0.7440235000103712,0,0,---,---,---,---,---,---,---,---,12,40,1
