ID,GROUP,SESSION,DATE,TIME,TRIAL_BLK,BLK_NO,DISTRIBUTION,AMP,LOGICAL_AMP,PHY_BOUND,DISTANCE,TRUE_CAT,SUB RESPONSE,FEEDBACK,RT,CORRECT_B,CORRECT_S,pDISTRIBUTION,pAMP,pphyBOUND,pDISTANCE,pTRUE_CAT,pSUB RESPONSE,pFEEDBACK,pRT,TOTAL_BLK,TOTAL_TRIAL_INBLK,TRIAL_SSE
P01,0,1,20260611,185115,1,1,0,74.5976,0.9732,60.0,14.5976,1,0,0,0.776837799930945,0,0,---,---,---,---,---,---,---,---,13,30,1
P01,0,1,20260611,185118,2,1,0,62.6475,0.1765,60.0,2.6475,1,1,1,0.432396600022912,1,1,0,74.5976,60.0,14.5976,1,0,0,0.776837799930945,13,30,2
P01,0,1,20260611,185120,3,1,0,65.9604,0.3974,60.0,5.9604,1,1,1,0.3836729999165982,2,2,0,62.6475,60.0,2.6475,1,1,1,0.432396600022912,13,30,3
P01,0,1,20260611,185122,4,1,0,51.6576,-0.5562,60.0,8.3424,0,0,1,0.26644089992623776,3,3,0,65.9604,60.0,5.9604,1,1,1,0.3836729999165982,13,30,4
P01,0,1,20260611,185124,5,1,0,46.8639,-0.8757,60.0,13.1361,0,0,1,0.2320107000414282,4,4,0,51.6576,60.0,8.3424,0,0,1,0.2664408999262377,13,30,5
P01,0,1,20260611,185126,6,1,0,57.4247,-0.1717,60.0,2.5753,0,0,1,0.23349610005971044,5,5,0,46.8639,60.0,13.1361,0,0,1,0.2320107000414282,13,30,6
P01,0,1,20260611,185128,7,1,0,66.3144,0.421,60.0,6.3144,1,0,0,0.23220190010033548,5,5,0,57.4247,60.0,2.5753,0,0,1,0.2334961000597104,13,30,7
P01,0,1,20260611,185130,8,1,0,72.9298,0.862,60.0,12.9298,1,0,0,1.2328242000658065,5,5,0,66.3144,60.0,6.3144,1,0,0,0.2322019001003354,13,30,8
P01,0,1,20260611,185133,9,1,0,73.095,0.873,60.0,13.095,1,0,0,0.31594379991292953,5,5,0,72.9298,60.0,12.9298,1,0,0,1.2328242000658065,13,30,9
P01,0,1,20260611,185135,10,1,0,47.3992,-0.8401,60.0,12.6008,0,0,1,0.3492405000142753,6,6,0,73.095,60.0,13.095,1,0,0,0.3159437999129295,13,30,10
P01,0,1,20260611,185137,11,1,0,52.48,-0.5013,60.0,7.52,0,0,1,0.7151873999973759,7,7,0,47.3992,60.0,12.6008,0,0,1,0.3492405000142753,13,30,11
P01,0,1,20260611,185139,12,1,0,64.4592,0.2973,60.0,4.4592,1,1,1,0.34987849998287857,8,8,0,52.48,60.0,7.52,0,0,1,0.7151873999973759,13,30,12
P01,0,1,20260611,185141,13,1,0,53.2226,-0.4518,60.0,6.7774,0,1,0,0.400598399923183,8,8,0,64.4592,60.0,4.4592,1,1,1,0.3498784999828785,13,30,13
P01,0,1,20260611,185143,14,1,0,74.2825,0.9522,60.0,14.2825,1,1,1,0.40023759996984154,9,9,0,53.2226,60.0,6.7774,0,1,0,0.400598399923183,13,30,14
P01,0,1,20260611,185145,15,1,0,60.5668,0.0378,60.0,0.5668,1,1,1,0.39974789996631444,10,10,0,74.2825,60.0,14.2825,1,1,1,0.4002375999698415,13,30,15
P01,0,1,20260611,185147,16,1,0,55.4663,-0.3022,60.0,4.5337,0,1,0,0.299245800008066,10,10,0,60.5668,60.0,0.5668,1,1,1,0.3997478999663144,13,30,16
P01,0,1,20260611,185149,17,1,0,64.3817,0.2921,60.0,4.3817,1,0,0,0.3975512998877093,10,10,0,55.4663,60.0,4.5337,0,1,0,0.299245800008066,13,30,17
P01,0,1,20260611,185151,18,1,0,63.242,0.2161,60.0,3.242,1,0,0,0.28445899998769164,10,10,0,64.3817,60.0,4.3817,1,0,0,0.3975512998877093,13,30,18
P01,0,1,20260611,185153,19,1,0,51.8128,-0.5458,60.0,8.1872,0,1,0,0.26544600003398955,10,10,0,63.242,60.0,3.242,1,0,0,0.2844589999876916,13,30,19
P01,0,1,20260611,185155,20,1,0,50.6506,-0.6233,60.0,9.3494,0,1,0,0.38345129997469485,10,10,0,51.8128,60.0,8.1872,0,1,0,0.2654460000339895,13,30,20
P01,0,1,20260611,185157,21,1,0,74.7086,0.9806,60.0,14.7086,1,0,0,0.2802024999400601,10,10,0,50.6506,60.0,9.3494,0,1,0,0.3834512999746948,13,30,21
P01,0,1,20260611,185204,22,1,0,48.8008,-0.7466,60.0,11.1992,0,0,1,0.7504124999977648,11,11,0,74.7086,60.0,14.7086,1,0,0,0.2802024999400601,13,30,22
P01,0,1,20260611,185209,23,1,0,50.5927,-0.6272,60.0,9.4073,0,0,1,0.5152436000062153,12,12,0,48.8008,60.0,11.1992,0,0,1,0.7504124999977648,13,30,23
P01,0,1,20260611,185211,24,1,0,58.3448,-0.1103,60.0,1.6552,0,1,0,0.5169678999809548,12,12,0,50.5927,60.0,9.4073,0,0,1,0.5152436000062153,13,30,24
P01,0,1,20260611,185214,25,1,0,53.1114,-0.4592,60.0,6.8886,0,0,1,0.8821332000661641,13,13,0,58.3448,60.0,1.6552,0,1,0,0.5169678999809548,13,30,25
P01,0,1,20260611,185216,26,1,0,48.3275,-0.7782,60.0,11.6725,0,-1,-1,-1,13,13,0,53.1114,60.0,6.8886,0,0,1,0.8821332000661641,13,30,26
P01,0,1,20260611,185223,27,1,0,48.5784,-0.7614,60.0,11.4216,0,0,1,0.28293689992278814,14,14,0,48.3275,60.0,11.6725,0,-1,-1,-1.0,13,30,27
P01,0,1,20260611,185225,28,1,0,54.7257,-0.3516,60.0,5.2743,0,1,0,0.41383740003220737,14,14,0,48.5784,60.0,11.4216,0,0,1,0.2829368999227881,13,30,28
P01,0,1,20260611,185227,29,1,0,74.6263,0.9751,60.0,14.6263,1,0,0,0.4312199999112636,14,14,0,54.7257,60.0,5.2743,0,1,0,0.4138374000322073,13,30,29
P01,0,1,20260611,185229,30,1,0,52.9999,-0.4667,60.0,7.0001,0,1,0,0.20084840001072735,14,14,0,74.6263,60.0,14.6263,1,0,0,0.4312199999112636,13,30,30
P01,0,1,20260611,185239,1,2,2,60.8044,0.0536,60.0,0.8044,1,1,1,0.5464600000996143,1,15,0,52.9999,60.0,7.0001,0,1,0,0.2008484000107273,13,47,31
P01,0,1,20260611,185243,2,2,2,54.6638,-0.3557,60.0,5.3362,0,0,1,1.1825548000633717,2,16,2,60.8044,60.0,0.8044,1,1,1,0.5464600000996143,13,47,32
P01,0,1,20260611,185246,3,2,2,65.2403,0.3494,60.0,5.2403,1,0,0,0.6838861999567598,2,16,2,54.6638,60.0,5.3362,0,0,1,1.1825548000633717,13,47,33
P01,0,1,20260611,185248,4,2,2,55.884,-0.2744,60.0,4.116,0,1,0,0.7818250999553129,2,16,2,65.2403,60.0,5.2403,1,0,0,0.6838861999567598,13,47,34
P01,0,1,20260611,185251,5,2,2,45.3765,-0.9749,60.0,14.6235,0,0,1,0.9829910000553355,3,17,2,55.884,60.0,4.116,0,1,0,0.7818250999553129,13,47,35
P01,0,1,20260611,185253,6,2,2,60.829,0.0553,60.0,0.829,1,1,1,2.39985330007039,4,18,2,45.3765,60.0,14.6235,0,0,1,0.9829910000553356,13,47,36
P01,0,1,20260611,185257,7,2,2,73.6829,0.9122,60.0,13.6829,1,1,1,0.6164598999312147,5,19,2,60.829,60.0,0.829,1,1,1,2.39985330007039,13,47,37
P01,0,1,20260611,185300,8,2,2,56.303,-0.2465,60.0,3.697,0,0,1,0.715855099959299,6,20,2,73.6829,60.0,13.6829,1,1,1,0.6164598999312147,13,47,38
P01,0,1,20260611,185302,9,2,2,62.5616,0.1708,60.0,2.5616,1,1,1,0.7173697999678552,7,21,2,56.303,60.0,3.697,0,0,1,0.715855099959299,13,47,39
P01,0,1,20260611,185304,10,2,2,58.2343,-0.1177,60.0,1.7657,0,0,1,0.6511262999847531,8,22,2,62.5616,60.0,2.5616,1,1,1,0.7173697999678552,13,47,40
P01,0,1,20260611,185307,11,2,2,55.3303,-0.3113,60.0,4.6697,0,1,0,2.103175099939108,8,22,2,58.2343,60.0,1.7657,0,0,1,0.6511262999847531,13,47,41
P01,0,1,20260611,185311,12,2,2,49.5707,-0.6953,60.0,10.4293,0,0,1,0.7680163999320939,9,23,2,55.3303,60.0,4.6697,0,1,0,2.103175099939108,13,47,42
P01,0,1,20260611,185313,13,2,2,51.1157,-0.5923,60.0,8.8843,0,1,0,1.451326600043103,9,23,2,49.5707,60.0,10.4293,0,0,1,0.7680163999320939,13,47,43
P01,0,1,20260611,185316,14,2,2,62.9518,0.1968,60.0,2.9518,1,0,0,0.5163526999531314,9,23,2,51.1157,60.0,8.8843,0,1,0,1.451326600043103,13,47,44
P01,0,1,20260611,185318,15,2,2,62.1935,0.1462,60.0,2.1935,1,1,1,0.48318759992253035,10,24,2,62.9518,60.0,2.9518,1,0,0,0.5163526999531314,13,47,45
P01,0,1,20260611,185321,16,2,2,59.4362,-0.0376,60.0,0.5638,0,0,1,0.4978979000588879,11,25,2,62.1935,60.0,2.1935,1,1,1,0.4831875999225303,13,47,46
P01,0,1,20260611,185323,17,2,2,47.0398,-0.864,60.0,12.9602,0,0,1,0.5323356000008062,12,26,2,59.4362,60.0,0.5638,0,0,1,0.4978979000588879,13,47,47
P01,0,1,20260611,185325,18,2,2,63.4464,0.2298,60.0,3.4464,1,1,1,0.4176854999968782,13,27,2,47.0398,60.0,12.9602,0,0,1,0.5323356000008062,13,47,48
P01,0,1,20260611,185327,19,2,2,63.4053,0.227,60.0,3.4053,1,0,0,0.38229160010814667,13,27,2,63.4464,60.0,3.4464,1,1,1,0.4176854999968782,13,47,49
P01,0,1,20260611,185329,20,2,2,59.6423,-0.0238,60.0,0.3577,0,0,1,0.4658723999746144,14,28,2,63.4053,60.0,3.4053,1,0,0,0.3822916001081466,13,47,50
P01,0,1,20260611,185332,21,2,2,55.1172,-0.3255,60.0,4.8828,0,0,1,0.6488157000858337,15,29,2,59.6423,60.0,0.3577,0,0,1,0.4658723999746144,13,47,51
P01,0,1,20260611,185334,22,2,2,69.4518,0.6301,60.0,9.4518,1,0,0,0.41383229999337345,15,29,2,55.1172,60.0,4.8828,0,0,1,0.6488157000858337,13,47,52
P01,0,1,20260611,185336,23,2,2,45.2958,-0.9803,60.0,14.7042,0,0,1,0.46642079995945096,16,30,2,69.4518,60.0,9.4518,1,0,0,0.4138322999933734,13,47,53
P01,0,1,20260611,185339,24,2,2,57.6032,-0.1598,60.0,2.3968,0,1,0,0.4163105000043288,16,30,2,45.2958,60.0,14.7042,0,0,1,0.4664207999594509,13,47,54
P01,0,1,20260611,185341,25,2,2,45.8887,-0.9408,60.0,14.1113,0,1,0,0.5507103999843821,16,30,2,57.6032,60.0,2.3968,0,1,0,0.4163105000043288,13,47,55
P01,0,1,20260611,185343,26,2,2,56.7606,-0.216,60.0,3.2394,0,1,0,0.4351818000432104,16,30,2,45.8887,60.0,14.1113,0,1,0,0.5507103999843821,13,47,56
P01,0,1,20260611,185345,27,2,2,51.4334,-0.5711,60.0,8.5666,0,0,1,0.39948509994428605,17,31,2,56.7606,60.0,3.2394,0,1,0,0.4351818000432104,13,47,57
P01,0,1,20260611,185348,28,2,2,61.1522,0.0768,60.0,1.1522,1,0,0,0.4323546999366954,17,31,2,51.4334,60.0,8.5666,0,0,1,0.399485099944286,13,47,58
P01,0,1,20260611,185350,29,2,2,56.2933,-0.2471,60.0,3.7067,0,0,1,0.415484800003469,18,32,2,61.1522,60.0,1.1522,1,0,0,0.4323546999366954,13,47,59
P01,0,1,20260611,185352,30,2,2,55.963,-0.2691,60.0,4.037,0,1,0,0.5666595000075176,18,32,2,56.2933,60.0,3.7067,0,0,1,0.415484800003469,13,47,60
P01,0,1,20260611,185355,31,2,2,48.7858,-0.7476,60.0,11.2142,0,1,0,0.6139354000333697,18,32,2,55.963,60.0,4.037,0,1,0,0.5666595000075176,13,47,61
P01,0,1,20260611,185357,32,2,2,58.7034,-0.0864,60.0,1.2966,0,0,1,0.3991253999993205,19,33,2,48.7858,60.0,11.2142,0,1,0,0.6139354000333697,13,47,62
P01,0,1,20260611,185359,33,2,2,60.6903,0.046,60.0,0.6903,1,0,0,0.8144196999492124,19,33,2,58.7034,60.0,1.2966,0,0,1,0.3991253999993205,13,47,63
P01,0,1,20260611,185402,34,2,2,54.444,-0.3704,60.0,5.556,0,1,0,0.7308028000406921,19,33,2,60.6903,60.0,0.6903,1,0,0,0.8144196999492124,13,47,64
P01,0,1,20260611,185407,35,2,2,45.1414,-0.9906,60.0,14.8586,0,0,1,3.034805899951607,20,34,2,54.444,60.0,5.556,0,1,0,0.7308028000406921,13,47,65
P01,0,1,20260611,185412,36,2,2,48.7567,-0.7496,60.0,11.2433,0,0,1,0.4315538000082597,21,35,2,45.1414,60.0,14.8586,0,0,1,3.034805899951607,13,47,66
P01,0,1,20260611,185415,37,2,2,54.1316,-0.3912,60.0,5.8684,0,1,0,0.31598990003112704,21,35,2,48.7567,60.0,11.2433,0,0,1,0.4315538000082597,13,47,67
P01,0,1,20260611,185417,38,2,2,60.4784,0.0319,60.0,0.4784,1,0,0,0.265013900003396,21,35,2,54.1316,60.0,5.8684,0,1,0,0.315989900031127,13,47,68
P01,0,1,20260611,185419,39,2,2,69.8128,0.6542,60.0,9.8128,1,0,0,0.2830614000558853,21,35,2,60.4784,60.0,0.4784,1,0,0,0.265013900003396,13,47,69
P01,0,1,20260611,185423,40,2,2,62.3888,0.1593,60.0,2.3888,1,1,1,0.38236010004766285,22,36,2,69.8128,60.0,9.8128,1,0,0,0.2830614000558853,13,47,70
P01,0,1,20260611,185426,41,2,2,61.154,0.0769,60.0,1.154,1,1,1,0.7487731999717653,23,37,2,62.3888,60.0,2.3888,1,1,1,0.3823601000476628,13,47,71
P01,0,1,20260611,185429,42,2,2,62.1424,0.1428,60.0,2.1424,1,1,1,0.9334585999604315,24,38,2,61.154,60.0,1.154,1,1,1,0.7487731999717653,13,47,72
P01,0,1,20260611,185431,43,2,2,60.2747,0.0183,60.0,0.2747,1,1,1,0.31502829992678016,25,39,2,62.1424,60.0,2.1424,1,1,1,0.9334585999604316,13,47,73
P01,0,1,20260611,185433,44,2,2,65.6407,0.376,60.0,5.6407,1,0,0,0.38106970000080764,25,39,2,60.2747,60.0,0.2747,1,1,1,0.3150282999267801,13,47,74
P01,0,1,20260611,185435,45,2,2,63.4341,0.2289,60.0,3.4341,1,0,0,0.26593349990434945,25,39,2,65.6407,60.0,5.6407,1,0,0,0.3810697000008076,13,47,75
P01,0,1,20260611,185437,46,2,2,53.423,-0.4385,60.0,6.577,0,0,1,0.36585820000618696,26,40,2,63.4341,60.0,3.4341,1,0,0,0.2659334999043494,13,47,76
P01,0,1,20260611,185439,47,2,2,49.6096,-0.6927,60.0,10.3904,0,0,1,0.34870740002952516,27,41,2,53.423,60.0,6.577,0,0,1,0.3658582000061869,13,47,77
P01,0,1,20260611,185442,1,3,1,62.6198,0.1747,60.0,2.6198,1,1,1,0.5172052999259904,1,42,2,49.6096,60.0,10.3904,0,0,1,0.3487074000295251,13,41,78
P01,0,1,20260611,185444,2,3,1,72.1899,0.8127,60.0,12.1899,1,0,0,0.39878439996391535,1,42,1,62.6198,60.0,2.6198,1,1,1,0.5172052999259904,13,41,79
P01,0,1,20260611,185446,3,3,1,67.6433,0.5096,60.0,7.6433,1,0,0,0.31744170002639294,1,42,1,72.1899,60.0,12.1899,1,0,0,0.3987843999639153,13,41,80
P01,0,1,20260611,185448,4,3,1,47.1675,-0.8555,60.0,12.8325,0,1,0,0.2984731000615284,1,42,1,67.6433,60.0,7.6433,1,0,0,0.3174417000263929,13,41,81
P01,0,1,20260611,185454,5,3,1,50.5599,-0.6293,60.0,9.4401,0,1,0,0.33101180009543896,1,42,1,47.1675,60.0,12.8325,0,1,0,0.2984731000615284,13,41,82
P01,0,1,20260611,185456,6,3,1,60.3371,0.0225,60.0,0.3371,1,0,0,0.24884910008404404,1,42,1,50.5599,60.0,9.4401,0,1,0,0.3310118000954389,13,41,83
P01,0,1,20260611,185458,7,3,1,70.1522,0.6768,60.0,10.1522,1,0,0,0.18243370007257909,1,42,1,60.3371,60.0,0.3371,1,0,0,0.248849100084044,13,41,84
P01,0,1,20260611,185459,8,3,1,50.3147,-0.6457,60.0,9.6853,0,1,0,0.34970200003590435,1,42,1,70.1522,60.0,10.1522,1,0,0,0.182433700072579,13,41,85
P01,0,1,20260611,185501,9,3,1,63.1043,0.207,60.0,3.1043,1,0,0,0.3329391999868676,1,42,1,50.3147,60.0,9.6853,0,1,0,0.3497020000359043,13,41,86
P01,0,1,20260611,185503,10,3,1,61.0782,0.0719,60.0,1.0782,1,0,0,0.23231750004924834,1,42,1,63.1043,60.0,3.1043,1,0,0,0.3329391999868676,13,41,87
P01,0,1,20260611,185505,11,3,1,51.759,-0.5494,60.0,8.241,0,0,1,0.28292209992650896,2,43,1,61.0782,60.0,1.0782,1,0,0,0.2323175000492483,13,41,88
P01,0,1,20260611,185507,12,3,1,72.6476,0.8432,60.0,12.6476,1,1,1,0.3332961000269279,3,44,1,51.759,60.0,8.241,0,0,1,0.2829220999265089,13,41,89
P01,0,1,20260611,185509,13,3,1,51.3824,-0.5745,60.0,8.6176,0,1,0,0.2823314000852406,3,44,1,72.6476,60.0,12.6476,1,1,1,0.3332961000269279,13,41,90
P01,0,1,20260611,185511,14,3,1,66.6765,0.4451,60.0,6.6765,1,1,1,0.666797099984251,4,45,1,51.3824,60.0,8.6176,0,1,0,0.2823314000852406,13,41,91
P01,0,1,20260611,185514,15,3,1,66.8495,0.4566,60.0,6.8495,1,1,1,0.48097859998233616,5,46,1,66.6765,60.0,6.6765,1,1,1,0.666797099984251,13,41,92
P01,0,1,20260611,185516,16,3,1,50.6245,-0.625,60.0,9.3755,0,0,1,0.600249300012365,6,47,1,66.8495,60.0,6.8495,1,1,1,0.4809785999823361,13,41,93
P01,0,1,20260611,185518,17,3,1,64.2943,0.2863,60.0,4.2943,1,1,1,0.4828703999519348,7,48,1,50.6245,60.0,9.3755,0,0,1,0.600249300012365,13,41,94
P01,0,1,20260611,185520,18,3,1,53.3777,-0.4415,60.0,6.6223,0,0,1,0.582581500057131,8,49,1,64.2943,60.0,4.2943,1,1,1,0.4828703999519348,13,41,95
P01,0,1,20260611,185522,19,3,1,61.1905,0.0794,60.0,1.1905,1,0,0,1.2663828000659123,8,49,1,53.3777,60.0,6.6223,0,0,1,0.582581500057131,13,41,96
P01,0,1,20260611,185525,20,3,1,68.1338,0.5423,60.0,8.1338,1,1,1,0.432579500018619,9,50,1,61.1905,60.0,1.1905,1,0,0,1.2663828000659123,13,41,97
P01,0,1,20260611,185527,21,3,1,70.0013,0.6668,60.0,10.0013,1,0,0,0.4839656000258401,9,50,1,68.1338,60.0,8.1338,1,1,1,0.432579500018619,13,41,98
P01,0,1,20260611,185529,22,3,1,57.9866,-0.1342,60.0,2.0134,0,1,0,0.28130929998587817,9,50,1,70.0013,60.0,10.0013,1,0,0,0.4839656000258401,13,41,99
P01,0,1,20260611,185531,23,3,1,63.0811,0.2054,60.0,3.0811,1,1,1,0.4978201000485569,10,51,1,57.9866,60.0,2.0134,0,1,0,0.2813092999858781,13,41,100
P01,0,1,20260611,185533,24,3,1,56.3352,-0.2443,60.0,3.6648,0,0,1,0.24798890005331486,11,52,1,63.0811,60.0,3.0811,1,1,1,0.4978201000485569,13,41,101
P01,0,1,20260611,185535,25,3,1,72.2815,0.8188,60.0,12.2815,1,1,1,0.49783360003493726,12,53,1,56.3352,60.0,3.6648,0,0,1,0.2479889000533148,13,41,102
P01,0,1,20260611,185537,26,3,1,52.6771,-0.4882,60.0,7.3229,0,1,0,0.6322046000277624,12,53,1,72.2815,60.0,12.2815,1,1,1,0.4978336000349372,13,41,103
P01,0,1,20260611,185539,27,3,1,51.7556,-0.5496,60.0,8.2444,0,0,1,0.7334434000076726,13,54,1,52.6771,60.0,7.3229,0,1,0,0.6322046000277624,13,41,104
P01,0,1,20260611,185542,28,3,1,74.2642,0.9509,60.0,14.2642,1,0,0,0.39836059999652207,13,54,1,51.7556,60.0,8.2444,0,0,1,0.7334434000076726,13,41,105
P01,0,1,20260611,185544,29,3,1,50.9659,-0.6023,60.0,9.0341,0,1,0,0.38667280005756766,13,54,1,74.2642,60.0,14.2642,1,0,0,0.398360599996522,13,41,106
P01,0,1,20260611,185546,30,3,1,73.8284,0.9219,60.0,13.8284,1,0,0,0.3496490000979975,13,54,1,50.9659,60.0,9.0341,0,1,0,0.3866728000575676,13,41,107
P01,0,1,20260611,185552,31,3,1,71.4371,0.7625,60.0,11.4371,1,1,1,0.34961460006888956,14,55,1,73.8284,60.0,13.8284,1,0,0,0.3496490000979975,13,41,108
P01,0,1,20260611,185554,32,3,1,70.7543,0.717,60.0,10.7543,1,0,0,0.31583099998533726,14,55,1,71.4371,60.0,11.4371,1,1,1,0.3496146000688895,13,41,109
P01,0,1,20260611,185556,33,3,1,61.9153,0.1277,60.0,1.9153,1,1,1,0.46509910002350807,15,56,1,70.7543,60.0,10.7543,1,0,0,0.3158309999853372,13,41,110
P01,0,1,20260611,185558,34,3,1,48.3968,-0.7735,60.0,11.6032,0,0,1,0.1990310000255704,16,57,1,61.9153,60.0,1.9153,1,1,1,0.465099100023508,13,41,111
P01,0,1,20260611,185600,35,3,1,65.4822,0.3655,60.0,5.4822,1,0,0,0.24995680002029985,16,57,1,48.3968,60.0,11.6032,0,0,1,0.1990310000255704,13,41,112
P01,0,1,20260611,185602,36,3,1,54.9161,-0.3389,60.0,5.0839,0,0,1,0.3667809000471607,17,58,1,65.4822,60.0,5.4822,1,0,0,0.2499568000202998,13,41,113
P01,0,1,20260611,185604,37,3,1,69.6982,0.6465,60.0,9.6982,1,0,0,0.39745639998000115,17,58,1,54.9161,60.0,5.0839,0,0,1,0.3667809000471607,13,41,114
P01,0,1,20260611,185607,38,3,1,64.6938,0.3129,60.0,4.6938,1,0,0,0.2501312999520451,17,58,1,69.6982,60.0,9.6982,1,0,0,0.3974563999800011,13,41,115
P01,0,1,20260611,185608,39,3,1,54.8649,-0.3423,60.0,5.1351,0,0,1,0.3167066000169143,18,59,1,64.6938,60.0,4.6938,1,0,0,0.2501312999520451,13,41,116
P01,0,1,20260611,185610,40,3,1,64.9658,0.3311,60.0,4.9658,1,0,0,0.29719769989605993,18,59,1,54.8649,60.0,5.1351,0,0,1,0.3167066000169143,13,41,117
P01,0,1,20260611,185612,41,3,1,73.9102,0.9273,60.0,13.9102,1,0,0,0.36769539990928024,18,59,1,64.9658,60.0,4.9658,1,0,0,0.2971976998960599,13,41,118
P01,0,1,20260611,185619,1,4,1,59.1846,-0.0544,60.0,0.8154,0,1,0,0.3818460999755189,0,59,1,73.9102,60.0,13.9102,1,0,0,0.3676953999092802,13,44,119
P01,0,1,20260611,185621,2,4,1,45.9873,-0.9342,60.0,14.0127,0,1,0,0.39898970001377165,0,59,1,59.1846,60.0,0.8154,0,1,0,0.3818460999755189,13,44,120
P01,0,1,20260611,185623,3,4,1,69.4932,0.6329,60.0,9.4932,1,1,1,0.781435800017789,1,60,1,45.9873,60.0,14.0127,0,1,0,0.3989897000137716,13,44,121
P01,0,1,20260611,185625,4,4,1,54.2966,-0.3802,60.0,5.7034,0,0,1,0.2973145000869408,2,61,1,69.4932,60.0,9.4932,1,1,1,0.781435800017789,13,44,122
P01,0,1,20260611,185627,5,4,1,64.9706,0.3314,60.0,4.9706,1,0,0,0.3139822001103312,2,61,1,54.2966,60.0,5.7034,0,0,1,0.2973145000869408,13,44,123
P01,0,1,20260611,185629,6,4,1,56.927,-0.2049,60.0,3.073,0,1,0,0.24886310007423162,2,61,1,64.9706,60.0,4.9706,1,0,0,0.3139822001103312,13,44,124
P01,0,1,20260611,185631,7,4,1,73.4276,0.8952,60.0,13.4276,1,1,1,0.3647424998925999,3,62,1,56.927,60.0,3.073,0,1,0,0.2488631000742316,13,44,125
P01,0,1,20260611,185633,8,4,1,56.759,-0.2161,60.0,3.241,0,1,0,0.5160528999986127,3,62,1,73.4276,60.0,13.4276,1,1,1,0.3647424998925999,13,44,126
P01,0,1,20260611,185635,9,4,1,73.3196,0.888,60.0,13.3196,1,0,0,1.0666783000342548,3,62,1,56.759,60.0,3.241,0,1,0,0.5160528999986127,13,44,127
P01,0,1,20260611,185638,10,4,1,67.1172,0.4745,60.0,7.1172,1,1,1,0.366769100073725,4,63,1,73.3196,60.0,13.3196,1,0,0,1.0666783000342548,13,44,128
P01,0,1,20260611,185640,11,4,1,53.5636,-0.4291,60.0,6.4364,0,0,1,0.2665003000292927,5,64,1,67.1172,60.0,7.1172,1,1,1,0.366769100073725,13,44,129
P01,0,1,20260611,185642,12,4,1,48.6621,-0.7559,60.0,11.3379,0,1,0,0.36443259997759014,5,64,1,53.5636,60.0,6.4364,0,0,1,0.2665003000292927,13,44,130
P01,0,1,20260611,185644,13,4,1,60.3469,0.0231,60.0,0.3469,1,1,1,0.38300390006043017,6,65,1,48.6621,60.0,11.3379,0,1,0,0.3644325999775901,13,44,131
P01,0,1,20260611,185646,14,4,1,55.2584,-0.3161,60.0,4.7416,0,1,0,0.4486946000251919,6,65,1,60.3469,60.0,0.3469,1,1,1,0.3830039000604301,13,44,132
P01,0,1,20260611,185649,15,4,1,62.8962,0.1931,60.0,2.8962,1,1,1,0.49935349996667355,7,66,1,55.2584,60.0,4.7416,0,1,0,0.4486946000251919,13,44,133
P01,0,1,20260611,185651,16,4,1,58.3708,-0.1086,60.0,1.6292,0,1,0,0.331180699984543,7,66,1,62.8962,60.0,2.8962,1,1,1,0.4993534999666735,13,44,134
P01,0,1,20260611,185653,17,4,1,64.0263,0.2684,60.0,4.0263,1,0,0,0.3486090999795124,7,66,1,58.3708,60.0,1.6292,0,1,0,0.331180699984543,13,44,135
P01,0,1,20260611,185655,18,4,1,55.5432,-0.2971,60.0,4.4568,0,1,0,0.2812579999445006,7,66,1,64.0263,60.0,4.0263,1,0,0,0.3486090999795124,13,44,136
P01,0,1,20260611,185657,19,4,1,61.0248,0.0683,60.0,1.0248,1,1,1,0.3145711999386549,8,67,1,55.5432,60.0,4.4568,0,1,0,0.2812579999445006,13,44,137
P01,0,1,20260611,185659,20,4,1,67.1834,0.4789,60.0,7.1834,1,0,0,0.31681990006472915,8,67,1,61.0248,60.0,1.0248,1,1,1,0.3145711999386549,13,44,138
P01,0,1,20260611,185701,21,4,1,56.6849,-0.221,60.0,3.3151,0,1,0,0.24852579995058477,8,67,1,67.1834,60.0,7.1834,1,0,0,0.3168199000647291,13,44,139
P01,0,1,20260611,185703,22,4,1,50.1989,-0.6534,60.0,9.8011,0,0,1,0.29975730006117374,9,68,1,56.6849,60.0,3.3151,0,1,0,0.2485257999505847,13,44,140
P01,0,1,20260611,185705,23,4,1,55.5318,-0.2979,60.0,4.4682,0,0,1,0.26382530003320426,10,69,1,50.1989,60.0,9.8011,0,0,1,0.2997573000611737,13,44,141
P01,0,1,20260611,185707,24,4,1,50.8083,-0.6128,60.0,9.1917,0,0,1,0.5988413000013679,11,70,1,55.5318,60.0,4.4682,0,0,1,0.2638253000332042,13,44,142
P01,0,1,20260611,185709,25,4,1,74.5054,0.967,60.0,14.5054,1,1,1,0.7519960999488831,12,71,1,50.8083,60.0,9.1917,0,0,1,0.5988413000013679,13,44,143
P01,0,1,20260611,185712,26,4,1,57.1137,-0.1924,60.0,2.8863,0,0,1,0.5494822000619024,13,72,1,74.5054,60.0,14.5054,1,1,1,0.7519960999488831,13,44,144
P01,0,1,20260611,185714,27,4,1,73.0841,0.8723,60.0,13.0841,1,1,1,0.2837798000546172,14,73,1,57.1137,60.0,2.8863,0,0,1,0.5494822000619024,13,44,145
P01,0,1,20260611,185716,28,4,1,65.1382,0.3425,60.0,5.1382,1,0,0,0.5151819000020623,14,73,1,73.0841,60.0,13.0841,1,1,1,0.2837798000546172,13,44,146
P01,0,1,20260611,185718,29,4,1,57.4671,-0.1689,60.0,2.5329,0,1,0,0.7180857999483123,14,73,1,65.1382,60.0,5.1382,1,0,0,0.5151819000020623,13,44,147
P01,0,1,20260611,185720,30,4,1,54.4059,-0.3729,60.0,5.5941,0,1,0,0.516505700070411,14,73,1,57.4671,60.0,2.5329,0,1,0,0.7180857999483123,13,44,148
P01,0,1,20260611,185722,31,4,1,51.9132,-0.5391,60.0,8.0868,0,0,1,0.700395799940452,15,74,1,54.4059,60.0,5.5941,0,1,0,0.516505700070411,13,44,149
P01,0,1,20260611,185725,32,4,1,64.8886,0.3259,60.0,4.8886,1,0,0,0.6653111999621615,15,74,1,51.9132,60.0,8.0868,0,0,1,0.700395799940452,13,44,150
P01,0,1,20260611,185728,33,4,1,47.8971,-0.8069,60.0,12.1029,0,0,1,0.4514554999768734,16,75,1,64.8886,60.0,4.8886,1,0,0,0.6653111999621615,13,44,151
P01,0,1,20260611,185730,34,4,1,59.9169,-0.0055,60.0,0.0831,0,0,1,0.49756709998473525,17,76,1,47.8971,60.0,12.1029,0,0,1,0.4514554999768734,13,44,152
P01,0,1,20260611,185732,35,4,1,60.9999,0.0667,60.0,0.9999,1,0,0,0.28567059990018606,17,76,1,59.9169,60.0,0.0831,0,0,1,0.4975670999847352,13,44,153
P01,0,1,20260611,185734,36,4,1,71.314,0.7543,60.0,11.314,1,0,0,0.8197059000376612,17,76,1,60.9999,60.0,0.9999,1,0,0,0.285670599900186,13,44,154
P01,0,1,20260611,185736,37,4,1,65.8949,0.393,60.0,5.8949,1,0,0,0.24877399997785687,17,76,1,71.314,60.0,11.314,1,0,0,0.8197059000376612,13,44,155
P01,0,1,20260611,185738,38,4,1,63.909,0.2606,60.0,3.909,1,1,1,0.28271549998316914,18,77,1,65.8949,60.0,5.8949,1,0,0,0.2487739999778568,13,44,156
P01,0,1,20260611,185740,39,4,1,68.7287,0.5819,60.0,8.7287,1,1,1,0.2479731000494212,19,78,1,63.909,60.0,3.909,1,1,1,0.2827154999831691,13,44,157
P01,0,1,20260611,185742,40,4,1,56.8278,-0.2115,60.0,3.1722,0,0,1,0.21729609998874366,20,79,1,68.7287,60.0,8.7287,1,1,1,0.2479731000494212,13,44,158
P01,0,1,20260611,185744,41,4,1,68.2909,0.5527,60.0,8.2909,1,0,0,0.30028179998043925,20,79,1,56.8278,60.0,3.1722,0,0,1,0.2172960999887436,13,44,159
P01,0,1,20260611,185746,42,4,1,71.7221,0.7815,60.0,11.7221,1,0,0,0.41618850000668317,20,79,1,68.2909,60.0,8.2909,1,0,0,0.3002817999804392,13,44,160
P01,0,1,20260611,185748,43,4,1,69.8699,0.658,60.0,9.8699,1,1,1,0.31581309996545315,21,80,1,71.7221,60.0,11.7221,1,0,0,0.4161885000066831,13,44,161
P01,0,1,20260611,185750,44,4,1,64.3917,0.2928,60.0,4.3917,1,1,1,0.41806609998457134,22,81,1,69.8699,60.0,9.8699,1,1,1,0.3158130999654531,13,44,162
P01,0,1,20260611,185752,1,5,2,71.1699,0.7447,60.0,11.1699,1,0,0,0.6665793999563903,0,81,1,64.3917,60.0,4.3917,1,1,1,0.4180660999845713,13,52,163
P01,0,1,20260611,185755,2,5,2,59.7947,-0.0137,60.0,0.2053,0,0,1,0.3152462999569252,1,82,2,71.1699,60.0,11.1699,1,0,0,0.6665793999563903,13,52,164
P01,0,1,20260611,185757,3,5,2,60.5713,0.0381,60.0,0.5713,1,1,1,0.398200299940072,2,83,2,59.7947,60.0,0.2053,0,0,1,0.3152462999569252,13,52,165
P01,0,1,20260611,185759,4,5,2,55.816,-0.2789,60.0,4.184,0,1,0,0.38245279993861914,2,83,2,60.5713,60.0,0.5713,1,1,1,0.398200299940072,13,52,166
P01,0,1,20260611,185802,5,5,2,67.7185,0.5146,60.0,7.7185,1,0,0,0.23018640000373125,2,83,2,55.816,60.0,4.184,0,1,0,0.3824527999386191,13,52,167
P01,0,1,20260611,185804,6,5,2,70.0897,0.6726,60.0,10.0897,1,0,0,0.465741700027138,2,83,2,67.7185,60.0,7.7185,1,0,0,0.2301864000037312,13,52,168
P01,0,1,20260611,185806,7,5,2,51.0818,-0.5945,60.0,8.9182,0,0,1,0.30027309991419315,3,84,2,70.0897,60.0,10.0897,1,0,0,0.465741700027138,13,52,169
P01,0,1,20260611,185808,8,5,2,60.9297,0.062,60.0,0.9297,1,1,1,0.2504206000594422,4,85,2,51.0818,60.0,8.9182,0,0,1,0.3002730999141931,13,52,170
P01,0,1,20260611,185810,9,5,2,59.6276,-0.0248,60.0,0.3724,0,0,1,0.21639799990225583,5,86,2,60.9297,60.0,0.9297,1,1,1,0.2504206000594422,13,52,171
P01,0,1,20260611,185812,10,5,2,58.6939,-0.0871,60.0,1.3061,0,0,1,0.2308388000819832,6,87,2,59.6276,60.0,0.3724,0,0,1,0.2163979999022558,13,52,172
P01,0,1,20260611,185813,11,5,2,60.9085,0.0606,60.0,0.9085,1,1,1,0.2321856999769807,7,88,2,58.6939,60.0,1.3061,0,0,1,0.2308388000819832,13,52,173
P01,0,1,20260611,185815,12,5,2,46.5326,-0.8978,60.0,13.4674,0,0,1,0.36461309995502234,8,89,2,60.9085,60.0,0.9085,1,1,1,0.2321856999769807,13,52,174
P01,0,1,20260611,185817,13,5,2,65.0136,0.3342,60.0,5.0136,1,0,0,0.41437949996907264,8,89,2,46.5326,60.0,13.4674,0,0,1,0.3646130999550223,13,52,175
P01,0,1,20260611,185819,14,5,2,60.1591,0.0106,60.0,0.1591,1,1,1,0.31606310000643134,9,90,2,65.0136,60.0,5.0136,1,0,0,0.4143794999690726,13,52,176
P01,0,1,20260611,185821,15,5,2,50.6445,-0.6237,60.0,9.3555,0,0,1,0.3152178000891581,10,91,2,60.1591,60.0,0.1591,1,1,1,0.3160631000064313,13,52,177
P01,0,1,20260611,185823,16,5,2,56.7605,-0.216,60.0,3.2395,0,0,1,0.28224129998125136,11,92,2,50.6445,60.0,9.3555,0,0,1,0.3152178000891581,13,52,178
P01,0,1,20260611,185825,17,5,2,60.5725,0.0382,60.0,0.5725,1,0,0,0.217128699994646,11,92,2,56.7605,60.0,3.2395,0,0,1,0.2822412999812513,13,52,179
P01,0,1,20260611,185827,18,5,2,71.1653,0.7444,60.0,11.1653,1,1,1,0.24907479993999004,12,93,2,60.5725,60.0,0.5725,1,0,0,0.217128699994646,13,52,180
P01,0,1,20260611,185829,19,5,2,50.8597,-0.6094,60.0,9.1403,0,1,0,0.44942810002248734,12,93,2,71.1653,60.0,11.1653,1,1,1,0.24907479993999,13,52,181
P01,0,1,20260611,185832,20,5,2,51.7872,-0.5475,60.0,8.2128,0,1,0,0.46694259997457266,12,93,2,50.8597,60.0,9.1403,0,1,0,0.4494281000224873,13,52,182
P01,0,1,20260611,185834,21,5,2,63.0542,0.2036,60.0,3.0542,1,1,1,0.38315730006434023,13,94,2,51.7872,60.0,8.2128,0,1,0,0.4669425999745726,13,52,183
P01,0,1,20260611,185836,22,5,2,58.5672,-0.0955,60.0,1.4328,0,1,0,0.3350946999853477,13,94,2,63.0542,60.0,3.0542,1,1,1,0.3831573000643402,13,52,184
P01,0,1,20260611,185838,23,5,2,52.411,-0.5059,60.0,7.589,0,1,0,0.2981401999713853,13,94,2,58.5672,60.0,1.4328,0,1,0,0.3350946999853477,13,52,185
P01,0,1,20260611,185840,24,5,2,60.1209,0.0081,60.0,0.1209,1,1,1,0.36518820002675056,14,95,2,52.411,60.0,7.589,0,1,0,0.2981401999713853,13,52,186
P01,0,1,20260611,185842,25,5,2,73.3203,0.888,60.0,13.3203,1,0,0,0.7358473000349477,14,95,2,60.1209,60.0,0.1209,1,1,1,0.3651882000267505,13,52,187
P01,0,1,20260611,185844,26,5,2,64.9112,0.3274,60.0,4.9112,1,0,0,0.7156489000190049,14,95,2,73.3203,60.0,13.3203,1,0,0,0.7358473000349477,13,52,188
P01,0,1,20260611,185847,27,5,2,59.1756,-0.055,60.0,0.8244,0,1,0,0.33227949996944517,14,95,2,64.9112,60.0,4.9112,1,0,0,0.7156489000190049,13,52,189
P01,0,1,20260611,185849,28,5,2,63.9892,0.2659,60.0,3.9892,1,1,1,0.3673517999704927,15,96,2,59.1756,60.0,0.8244,0,1,0,0.3322794999694451,13,52,190
P01,0,1,20260611,185851,29,5,2,66.4009,0.4267,60.0,6.4009,1,1,1,0.25016269995830953,16,97,2,63.9892,60.0,3.9892,1,1,1,0.3673517999704927,13,52,191
P01,0,1,20260611,185853,30,5,2,51.24,-0.584,60.0,8.76,0,0,1,0.23101410001982003,17,98,2,66.4009,60.0,6.4009,1,1,1,0.2501626999583095,13,52,192
P01,0,1,20260611,185855,31,5,2,71.5504,0.77,60.0,11.5504,1,0,0,0.2983956999378279,17,98,2,51.24,60.0,8.76,0,0,1,0.23101410001982,13,52,193
P01,0,1,20260611,185857,32,5,2,50.2961,-0.6469,60.0,9.7039,0,1,0,0.3658135000150651,17,98,2,71.5504,60.0,11.5504,1,0,0,0.2983956999378279,13,52,194
P01,0,1,20260611,185859,33,5,2,63.7034,0.2469,60.0,3.7034,1,0,0,0.9337407000130042,17,98,2,50.2961,60.0,9.7039,0,1,0,0.3658135000150651,13,52,195
P01,0,1,20260611,185901,34,5,2,69.578,0.6385,60.0,9.578,1,1,1,0.41700010001659393,18,99,2,63.7034,60.0,3.7034,1,0,0,0.9337407000130042,13,52,196
P01,0,1,20260611,185904,35,5,2,46.1907,-0.9206,60.0,13.8093,0,1,0,0.24934949993621558,18,99,2,69.578,60.0,9.578,1,1,1,0.4170001000165939,13,52,197
P01,0,1,20260611,185906,36,5,2,61.3316,0.0888,60.0,1.3316,1,1,1,0.33254630002193153,19,100,2,46.1907,60.0,13.8093,0,1,0,0.2493494999362155,13,52,198
P01,0,1,20260611,185908,37,5,2,66.7396,0.4493,60.0,6.7396,1,0,0,0.3993450999259949,19,100,2,61.3316,60.0,1.3316,1,1,1,0.3325463000219315,13,52,199
P01,0,1,20260611,185910,38,5,2,50.0168,-0.6655,60.0,9.9832,0,0,1,0.2658225999912247,20,101,2,66.7396,60.0,6.7396,1,0,0,0.3993450999259949,13,52,200
P01,0,1,20260611,185912,39,5,2,64.3898,0.2927,60.0,4.3898,1,0,0,0.3154854999156669,20,101,2,50.0168,60.0,9.9832,0,0,1,0.2658225999912247,13,52,201
P01,0,1,20260611,185914,40,5,2,46.4699,-0.902,60.0,13.5301,0,1,0,0.2985728000057861,20,101,2,64.3898,60.0,4.3898,1,0,0,0.3154854999156669,13,52,202
P01,0,1,20260611,185916,41,5,2,63.2065,0.2138,60.0,3.2065,1,0,0,0.4810534999705851,20,101,2,46.4699,60.0,13.5301,0,1,0,0.2985728000057861,13,52,203
P01,0,1,20260611,185918,42,5,2,58.5433,-0.0971,60.0,1.4567,0,1,0,0.4302434000419453,20,101,2,63.2065,60.0,3.2065,1,0,0,0.4810534999705851,13,52,204
P01,0,1,20260611,185920,43,5,2,57.814,-0.1457,60.0,2.186,0,0,1,0.3989642000524327,21,102,2,58.5433,60.0,1.4567,0,1,0,0.4302434000419453,13,52,205
P01,0,1,20260611,185922,44,5,2,51.0954,-0.5936,60.0,8.9046,0,1,0,0.28225189994554967,21,102,2,57.814,60.0,2.186,0,0,1,0.3989642000524327,13,52,206
P01,0,1,20260611,185924,45,5,2,63.6087,0.2406,60.0,3.6087,1,1,1,0.3991459000390023,22,103,2,51.0954,60.0,8.9046,0,1,0,0.2822518999455496,13,52,207
P01,0,1,20260611,185926,46,5,2,61.2727,0.0848,60.0,1.2727,1,1,1,0.3482160000130534,23,104,2,63.6087,60.0,3.6087,1,1,1,0.3991459000390023,13,52,208
P01,0,1,20260611,185928,47,5,2,60.3278,0.0219,60.0,0.3278,1,1,1,0.2832096000202,24,105,2,61.2727,60.0,1.2727,1,1,1,0.3482160000130534,13,52,209
P01,0,1,20260611,185930,48,5,2,69.4479,0.6299,60.0,9.4479,1,0,0,0.38255119998939335,24,105,2,60.3278,60.0,0.3278,1,1,1,0.2832096000202,13,52,210
P01,0,1,20260611,185932,49,5,2,62.4275,0.1618,60.0,2.4275,1,0,0,0.20037910004612058,24,105,2,69.4479,60.0,9.4479,1,0,0,0.3825511999893933,13,52,211
P01,0,1,20260611,185934,50,5,2,47.7258,-0.8183,60.0,12.2742,0,1,0,0.3166751000098884,24,105,2,62.4275,60.0,2.4275,1,0,0,0.2003791000461205,13,52,212
P01,0,1,20260611,185936,51,5,2,62.9917,0.1994,60.0,2.9917,1,0,0,0.4998085000552237,24,105,2,47.7258,60.0,12.2742,0,1,0,0.3166751000098884,13,52,213
P01,0,1,20260611,185938,52,5,2,62.4469,0.1631,60.0,2.4469,1,0,0,0.49995969992596656,24,105,2,62.9917,60.0,2.9917,1,0,0,0.4998085000552237,13,52,214
P01,0,1,20260611,185941,1,6,1,57.9789,-0.1347,60.0,2.0211,0,0,1,0.6496402000775561,1,106,2,62.4469,60.0,2.4469,1,0,0,0.4999596999259665,13,53,215
P01,0,1,20260611,185943,2,6,1,47.4186,-0.8388,60.0,12.5814,0,1,0,0.4821148000191897,1,106,1,57.9789,60.0,2.0211,0,0,1,0.6496402000775561,13,53,216
P01,0,1,20260611,185945,3,6,1,49.863,-0.6758,60.0,10.137,0,0,1,0.28183089999947697,2,107,1,47.4186,60.0,12.5814,0,1,0,0.4821148000191897,13,53,217
P01,0,1,20260611,185947,4,6,1,54.6935,-0.3538,60.0,5.3065,0,0,1,0.4178141000447795,3,108,1,49.863,60.0,10.137,0,0,1,0.2818308999994769,13,53,218
P01,0,1,20260611,185949,5,6,1,62.6952,0.1797,60.0,2.6952,1,0,0,0.5654175999807194,3,108,1,54.6935,60.0,5.3065,0,0,1,0.4178141000447795,13,53,219
P01,0,1,20260611,185952,6,6,1,59.4687,-0.0354,60.0,0.5313,0,0,1,0.5998025999870151,4,109,1,62.6952,60.0,2.6952,1,0,0,0.5654175999807194,13,53,220
P01,0,1,20260611,185954,7,6,1,58.5452,-0.097,60.0,1.4548,0,0,1,0.7490083000157028,5,110,1,59.4687,60.0,0.5313,0,0,1,0.5998025999870151,13,53,221
P01,0,1,20260611,185956,8,6,1,55.3976,-0.3068,60.0,4.6024,0,0,1,0.6337706999620423,6,111,1,58.5452,60.0,1.4548,0,0,1,0.7490083000157028,13,53,222
P01,0,1,20260611,185958,9,6,1,74.9823,0.9988,60.0,14.9823,1,0,0,0.5167253999970853,6,111,1,55.3976,60.0,4.6024,0,0,1,0.6337706999620423,13,53,223
P01,0,1,20260611,190000,10,6,1,60.9393,0.0626,60.0,0.9393,1,0,0,0.38818739994894713,6,111,1,74.9823,60.0,14.9823,1,0,0,0.5167253999970853,13,53,224
P01,0,1,20260611,190002,11,6,1,60.992,0.0661,60.0,0.992,1,0,0,0.2670056000351906,6,111,1,60.9393,60.0,0.9393,1,0,0,0.3881873999489471,13,53,225
P01,0,1,20260611,190009,12,6,1,66.6212,0.4414,60.0,6.6212,1,1,1,0.34924200002569705,7,112,1,60.992,60.0,0.992,1,0,0,0.2670056000351906,13,53,226
P01,0,1,20260611,190011,13,6,1,65.4647,0.3643,60.0,5.4647,1,0,0,0.3013282000320032,7,112,1,66.6212,60.0,6.6212,1,1,1,0.349242000025697,13,53,227
P01,0,1,20260611,190013,14,6,1,61.0078,0.0672,60.0,1.0078,1,0,0,0.36640539998188615,7,112,1,65.4647,60.0,5.4647,1,0,0,0.3013282000320032,13,53,228
P01,0,1,20260611,190015,15,6,1,57.7564,-0.1496,60.0,2.2436,0,0,1,0.28275899996515363,8,113,1,61.0078,60.0,1.0078,1,0,0,0.3664053999818861,13,53,229
P01,0,1,20260611,190017,16,6,1,59.6717,-0.0219,60.0,0.3283,0,1,0,0.532458100002259,8,113,1,57.7564,60.0,2.2436,0,0,1,0.2827589999651536,13,53,230
P01,0,1,20260611,190019,17,6,1,72.0338,0.8023,60.0,12.0338,1,1,1,0.23146729997824878,9,114,1,59.6717,60.0,0.3283,0,1,0,0.532458100002259,13,53,231
P01,0,1,20260611,190021,18,6,1,66.3591,0.4239,60.0,6.3591,1,0,0,0.16483750008046627,9,114,1,72.0338,60.0,12.0338,1,1,1,0.2314672999782487,13,53,232
P01,0,1,20260611,190023,19,6,1,58.0969,-0.1269,60.0,1.9031,0,1,0,0.21449599997140467,9,114,1,66.3591,60.0,6.3591,1,0,0,0.1648375000804662,13,53,233
P01,0,1,20260611,190025,20,6,1,58.0775,-0.1282,60.0,1.9225,0,1,0,0.30032220005523413,9,114,1,58.0969,60.0,1.9031,0,1,0,0.2144959999714046,13,53,234
P01,0,1,20260611,190027,21,6,1,49.997,-0.6669,60.0,10.003,0,1,0,0.34973559994250536,9,114,1,58.0775,60.0,1.9225,0,1,0,0.3003222000552341,13,53,235
P01,0,1,20260611,190029,22,6,1,51.513,-0.5658,60.0,8.487,0,1,0,0.38169639999978244,9,114,1,49.997,60.0,10.003,0,1,0,0.3497355999425053,13,53,236
P01,0,1,20260611,190031,23,6,1,72.1027,0.8068,60.0,12.1027,1,0,0,0.2994367000646889,9,114,1,51.513,60.0,8.487,0,1,0,0.3816963999997824,13,53,237
P01,0,1,20260611,190037,24,6,1,64.0982,0.2732,60.0,4.0982,1,0,0,0.631345999892801,9,114,1,72.1027,60.0,12.1027,1,0,0,0.2994367000646889,13,53,238
P01,0,1,20260611,190039,25,6,1,71.0563,0.7371,60.0,11.0563,1,1,1,0.46470570005476475,10,115,1,64.0982,60.0,4.0982,1,0,0,0.631345999892801,13,53,239
P01,0,1,20260611,190041,26,6,1,65.2812,0.3521,60.0,5.2812,1,1,1,0.4822580999461934,11,116,1,71.0563,60.0,11.0563,1,1,1,0.4647057000547647,13,53,240
P01,0,1,20260611,190044,27,6,1,63.724,0.2483,60.0,3.724,1,1,1,1.2995415000477806,12,117,1,65.2812,60.0,5.2812,1,1,1,0.4822580999461934,13,53,241
P01,0,1,20260611,190046,28,6,1,62.3549,0.157,60.0,2.3549,1,1,1,0.5162713000318035,13,118,1,63.724,60.0,3.724,1,1,1,1.2995415000477806,13,53,242
P01,0,1,20260611,190049,29,6,1,65.9605,0.3974,60.0,5.9605,1,0,0,0.5325073999119923,13,118,1,62.3549,60.0,2.3549,1,1,1,0.5162713000318035,13,53,243
P01,0,1,20260611,190051,30,6,1,63.7015,0.2468,60.0,3.7015,1,0,0,0.3485625999746844,13,118,1,65.9605,60.0,5.9605,1,0,0,0.5325073999119923,13,53,244
P01,0,1,20260611,190053,31,6,1,74.0739,0.9383,60.0,14.0739,1,1,1,0.7178238000487909,14,119,1,63.7015,60.0,3.7015,1,0,0,0.3485625999746844,13,53,245
P01,0,1,20260611,190055,32,6,1,56.5181,-0.2321,60.0,3.4819,0,0,1,0.39972799993120134,15,120,1,74.0739,60.0,14.0739,1,1,1,0.7178238000487909,13,53,246
P01,0,1,20260611,190057,33,6,1,55.6813,-0.2879,60.0,4.3187,0,1,0,0.28102879994548857,15,120,1,56.5181,60.0,3.4819,0,0,1,0.3997279999312013,13,53,247
P01,0,1,20260611,190059,34,6,1,73.666,0.9111,60.0,13.666,1,1,1,0.19757889991160482,16,121,1,55.6813,60.0,4.3187,0,1,0,0.2810287999454885,13,53,248
P01,0,1,20260611,190101,35,6,1,68.6511,0.5767,60.0,8.6511,1,1,1,0.3999751000665128,17,122,1,73.666,60.0,13.666,1,1,1,0.1975788999116048,13,53,249
P01,0,1,20260611,190103,36,6,1,63.6146,0.241,60.0,3.6146,1,1,1,0.2667450000299141,18,123,1,68.6511,60.0,8.6511,1,1,1,0.3999751000665128,13,53,250
P01,0,1,20260611,190105,37,6,1,66.2315,0.4154,60.0,6.2315,1,1,1,0.4173762999707833,19,124,1,63.6146,60.0,3.6146,1,1,1,0.2667450000299141,13,53,251
P01,0,1,20260611,190107,38,6,1,71.2941,0.7529,60.0,11.2941,1,0,0,0.2994677999522537,19,124,1,66.2315,60.0,6.2315,1,1,1,0.4173762999707833,13,53,252
P01,0,1,20260611,190109,39,6,1,58.3119,-0.1125,60.0,1.6881,0,1,0,0.732685099937953,19,124,1,71.2941,60.0,11.2941,1,0,0,0.2994677999522537,13,53,253
P01,0,1,20260611,190111,40,6,1,69.2486,0.6166,60.0,9.2486,1,1,1,0.26597170007880777,20,125,1,58.3119,60.0,1.6881,0,1,0,0.732685099937953,13,53,254
P01,0,1,20260611,190113,41,6,1,59.0824,-0.0612,60.0,0.9176,0,0,1,0.31659610010683537,21,126,1,69.2486,60.0,9.2486,1,1,1,0.2659717000788077,13,53,255
P01,0,1,20260611,190115,42,6,1,59.8765,-0.0082,60.0,0.1235,0,0,1,0.6135392999276519,22,127,1,59.0824,60.0,0.9176,0,0,1,0.3165961001068353,13,53,256
P01,0,1,20260611,190119,43,6,1,56.8362,-0.2109,60.0,3.1638,0,1,0,0.28280619997531176,22,127,1,59.8765,60.0,0.1235,0,0,1,0.6135392999276519,13,53,257
P01,0,1,20260611,190121,44,6,1,53.2424,-0.4505,60.0,6.7576,0,0,1,0.2326949000125751,23,128,1,56.8362,60.0,3.1638,0,1,0,0.2828061999753117,13,53,258
P01,0,1,20260611,190123,45,6,1,72.4836,0.8322,60.0,12.4836,1,1,1,0.2491310000186786,24,129,1,53.2424,60.0,6.7576,0,0,1,0.2326949000125751,13,53,259
P01,0,1,20260611,190125,46,6,1,55.6126,-0.2925,60.0,4.3874,0,0,1,0.3482519999379292,25,130,1,72.4836,60.0,12.4836,1,1,1,0.2491310000186786,13,53,260
P01,0,1,20260611,190127,47,6,1,57.8421,-0.1439,60.0,2.1579,0,1,0,0.29933390009682626,25,130,1,55.6126,60.0,4.3874,0,0,1,0.3482519999379292,13,53,261
P01,0,1,20260611,190129,48,6,1,59.1761,-0.0549,60.0,0.8239,0,1,0,0.36909940000623465,25,130,1,57.8421,60.0,2.1579,0,1,0,0.2993339000968262,13,53,262
P01,0,1,20260611,190131,49,6,1,56.9664,-0.2022,60.0,3.0336,0,0,1,0.4820771999657154,26,131,1,59.1761,60.0,0.8239,0,1,0,0.3690994000062346,13,53,263
P01,0,1,20260611,190133,50,6,1,71.2759,0.7517,60.0,11.2759,1,1,1,0.39842640003189445,27,132,1,56.9664,60.0,3.0336,0,0,1,0.4820771999657154,13,53,264
P01,0,1,20260611,190136,51,6,1,53.0008,-0.4666,60.0,6.9992,0,0,1,0.26599489990621805,28,133,1,71.2759,60.0,11.2759,1,1,1,0.3984264000318944,13,53,265
P01,0,1,20260611,190138,52,6,1,72.6179,0.8412,60.0,12.6179,1,1,1,0.40053889993578196,29,134,1,53.0008,60.0,6.9992,0,0,1,0.265994899906218,13,53,266
P01,0,1,20260611,190140,53,6,1,54.51,-0.366,60.0,5.49,0,0,1,0.33227009989786893,30,135,1,72.6179,60.0,12.6179,1,1,1,0.4005388999357819,13,53,267
P01,0,1,20260611,190142,1,7,2,63.1376,0.2092,60.0,3.1376,1,1,1,0.29927419999148697,1,136,1,54.51,60.0,5.49,0,0,1,0.3322700998978689,13,56,268
P01,0,1,20260611,190144,2,7,2,56.8095,-0.2127,60.0,3.1905,0,1,0,0.25028529996052384,1,136,2,63.1376,60.0,3.1376,1,1,1,0.2992741999914869,13,56,269
P01,0,1,20260611,190146,3,7,2,60.9382,0.0625,60.0,0.9382,1,1,1,0.29927660000976175,2,137,2,56.8095,60.0,3.1905,0,1,0,0.2502852999605238,13,56,270
P01,0,1,20260611,190148,4,7,2,61.9518,0.1301,60.0,1.9518,1,0,0,0.2644112999550998,2,137,2,60.9382,60.0,0.9382,1,1,1,0.2992766000097617,13,56,271
P01,0,1,20260611,190150,5,7,2,46.4165,-0.9056,60.0,13.5835,0,0,1,0.2484540999867022,3,138,2,61.9518,60.0,1.9518,1,0,0,0.2644112999550998,13,56,272
P01,0,1,20260611,190152,6,7,2,53.5082,-0.4328,60.0,6.4918,0,1,0,0.23168759990949184,3,138,2,46.4165,60.0,13.5835,0,0,1,0.2484540999867022,13,56,273
P01,0,1,20260611,190154,7,7,2,54.5527,-0.3632,60.0,5.4473,0,1,0,0.2170670999912545,3,138,2,53.5082,60.0,6.4918,0,1,0,0.2316875999094918,13,56,274
P01,0,1,20260611,190155,8,7,2,53.8952,-0.407,60.0,6.1048,0,0,1,0.3339830000186339,4,139,2,54.5527,60.0,5.4473,0,1,0,0.2170670999912545,13,56,275
P01,0,1,20260611,190157,9,7,2,70.6036,0.7069,60.0,10.6036,1,1,1,0.43273570004384965,5,140,2,53.8952,60.0,6.1048,0,0,1,0.3339830000186339,13,56,276
P01,0,1,20260611,190200,10,7,2,62.0962,0.1397,60.0,2.0962,1,1,1,0.2961551999906078,6,141,2,70.6036,60.0,10.6036,1,1,1,0.4327357000438496,13,56,277
P01,0,1,20260611,190202,11,7,2,51.3894,-0.574,60.0,8.6106,0,0,1,0.23288719996344298,7,142,2,62.0962,60.0,2.0962,1,1,1,0.2961551999906078,13,56,278
P01,0,1,20260611,190204,12,7,2,47.2525,-0.8498,60.0,12.7475,0,1,0,0.4492579000070691,7,142,2,51.3894,60.0,8.6106,0,0,1,0.2328871999634429,13,56,279
P01,0,1,20260611,190206,13,7,2,70.7273,0.7152,60.0,10.7273,1,0,0,0.3675688999937847,7,142,2,47.2525,60.0,12.7475,0,1,0,0.4492579000070691,13,56,280
P01,0,1,20260611,190208,14,7,2,65.1435,0.3429,60.0,5.1435,1,0,0,0.3492887000320479,7,142,2,70.7273,60.0,10.7273,1,0,0,0.3675688999937847,13,56,281
P01,0,1,20260611,190210,15,7,2,67.1835,0.4789,60.0,7.1835,1,0,0,0.40092329995241016,7,142,2,65.1435,60.0,5.1435,1,0,0,0.3492887000320479,13,56,282
P01,0,1,20260611,190212,16,7,2,66.6388,0.4426,60.0,6.6388,1,0,0,0.28235100000165403,7,142,2,67.1835,60.0,7.1835,1,0,0,0.4009232999524101,13,56,283
P01,0,1,20260611,190214,17,7,2,58.1977,-0.1202,60.0,1.8023,0,1,0,0.25012270000297576,7,142,2,66.6388,60.0,6.6388,1,0,0,0.282351000001654,13,56,284
P01,0,1,20260611,190216,18,7,2,68.3434,0.5562,60.0,8.3434,1,1,1,0.3988805999979377,8,143,2,58.1977,60.0,1.8023,0,1,0,0.2501227000029757,13,56,285
P01,0,1,20260611,190218,19,7,2,54.3575,-0.3762,60.0,5.6425,0,1,0,0.4509150000521913,8,143,2,68.3434,60.0,8.3434,1,1,1,0.3988805999979377,13,56,286
P01,0,1,20260611,190220,20,7,2,60.4461,0.0297,60.0,0.4461,1,0,0,0.2304828999331221,8,143,2,54.3575,60.0,5.6425,0,1,0,0.4509150000521913,13,56,287
P01,0,1,20260611,190222,21,7,2,62.4002,0.16,60.0,2.4002,1,1,1,0.30099329992663115,9,144,2,60.4461,60.0,0.4461,1,0,0,0.2304828999331221,13,56,288
P01,0,1,20260611,190225,22,7,2,63.5991,0.2399,60.0,3.5991,1,1,1,0.2656233999878168,10,145,2,62.4002,60.0,2.4002,1,1,1,0.3009932999266311,13,56,289
P01,0,1,20260611,190227,23,7,2,61.38,0.092,60.0,1.38,1,1,1,0.2324930999893695,11,146,2,63.5991,60.0,3.5991,1,1,1,0.2656233999878168,13,56,290
P01,0,1,20260611,190229,24,7,2,67.2193,0.4813,60.0,7.2193,1,1,1,0.2152067000279203,12,147,2,61.38,60.0,1.38,1,1,1,0.2324930999893695,13,56,291
P01,0,1,20260611,190231,25,7,2,47.328,-0.8448,60.0,12.672,0,1,0,0.2492550000315532,12,147,2,67.2193,60.0,7.2193,1,1,1,0.2152067000279203,13,56,292
P01,0,1,20260611,190233,26,7,2,59.3911,-0.0406,60.0,0.6089,0,1,0,0.25047620001714677,12,147,2,47.328,60.0,12.672,0,1,0,0.2492550000315532,13,56,293
P01,0,1,20260611,190235,27,7,2,56.6264,-0.2249,60.0,3.3736,0,0,1,0.21542280004359782,13,148,2,59.3911,60.0,0.6089,0,1,0,0.2504762000171467,13,56,294
P01,0,1,20260611,190237,28,7,2,70.5317,0.7021,60.0,10.5317,1,1,1,0.2989819999784231,14,149,2,56.6264,60.0,3.3736,0,0,1,0.2154228000435978,13,56,295
P01,0,1,20260611,190239,29,7,2,61.5893,0.106,60.0,1.5893,1,0,0,0.26556390000041574,14,149,2,70.5317,60.0,10.5317,1,1,1,0.2989819999784231,13,56,296
P01,0,1,20260611,190240,30,7,2,54.0705,-0.3953,60.0,5.9295,0,0,1,0.2832367999944836,15,150,2,61.5893,60.0,1.5893,1,0,0,0.2655639000004157,13,56,297
P01,0,1,20260611,190243,31,7,2,60.7043,0.047,60.0,0.7043,1,0,0,0.6004917999962345,15,150,2,54.0705,60.0,5.9295,0,0,1,0.2832367999944836,13,56,298
P01,0,1,20260611,190245,32,7,2,69.3309,0.6221,60.0,9.3309,1,0,0,0.36614870000630617,15,150,2,60.7043,60.0,0.7043,1,0,0,0.6004917999962345,13,56,299
P01,0,1,20260611,190247,33,7,2,49.833,-0.6778,60.0,10.167,0,0,1,0.381681099999696,16,151,2,69.3309,60.0,9.3309,1,0,0,0.3661487000063061,13,56,300
P01,0,1,20260611,190249,34,7,2,63.566,0.2377,60.0,3.566,1,1,1,0.41577700001653284,17,152,2,49.833,60.0,10.167,0,0,1,0.381681099999696,13,56,301
P01,0,1,20260611,190251,35,7,2,53.1981,-0.4535,60.0,6.8019,0,1,0,0.2991673999931663,17,152,2,63.566,60.0,3.566,1,1,1,0.4157770000165328,13,56,302
P01,0,1,20260611,190254,36,7,2,65.0406,0.336,60.0,5.0406,1,0,0,0.3645384000847116,17,152,2,53.1981,60.0,6.8019,0,1,0,0.2991673999931663,13,56,303
P01,0,1,20260611,190256,37,7,2,53.3278,-0.4448,60.0,6.6722,0,0,1,0.3313308999640867,18,153,2,65.0406,60.0,5.0406,1,0,0,0.3645384000847116,13,56,304
P01,0,1,20260611,190258,38,7,2,62.3025,0.1535,60.0,2.3025,1,1,1,0.4003541999263689,19,154,2,53.3278,60.0,6.6722,0,0,1,0.3313308999640867,13,56,305
P01,0,1,20260611,190300,39,7,2,54.1462,-0.3903,60.0,5.8538,0,1,0,0.2162163999164477,19,154,2,62.3025,60.0,2.3025,1,1,1,0.4003541999263689,13,56,306
P01,0,1,20260611,190302,40,7,2,60.4276,0.0285,60.0,0.4276,1,0,0,0.3831470999866724,19,154,2,54.1462,60.0,5.8538,0,1,0,0.2162163999164477,13,56,307
P01,0,1,20260611,190304,41,7,2,61.0739,0.0716,60.0,1.0739,1,0,0,0.2660321000730619,19,154,2,60.4276,60.0,0.4276,1,0,0,0.3831470999866724,13,56,308
P01,0,1,20260611,190306,42,7,2,70.6439,0.7096,60.0,10.6439,1,1,1,0.3311663999920711,20,155,2,61.0739,60.0,1.0739,1,0,0,0.2660321000730619,13,56,309
P01,0,1,20260611,190308,43,7,2,48.7689,-0.7487,60.0,11.2311,0,0,1,0.4014884999487549,21,156,2,70.6439,60.0,10.6439,1,1,1,0.3311663999920711,13,56,310
P01,0,1,20260611,190310,44,7,2,63.5926,0.2395,60.0,3.5926,1,0,0,0.415858699940145,21,156,2,48.7689,60.0,11.2311,0,0,1,0.4014884999487549,13,56,311
P01,0,1,20260611,190312,45,7,2,51.0707,-0.5953,60.0,8.9293,0,1,0,0.38220320001710206,21,156,2,63.5926,60.0,3.5926,1,0,0,0.415858699940145,13,56,312
P01,0,1,20260611,190314,46,7,2,64.5015,0.3001,60.0,4.5015,1,1,1,0.43044849997386336,22,157,2,51.0707,60.0,8.9293,0,1,0,0.382203200017102,13,56,313
P01,0,1,20260611,190316,47,7,2,63.2894,0.2193,60.0,3.2894,1,1,1,0.3151850000722334,23,158,2,64.5015,60.0,4.5015,1,1,1,0.4304484999738633,13,56,314
P01,0,1,20260611,190318,48,7,2,59.4094,-0.0394,60.0,0.5906,0,0,1,0.34685570001602173,24,159,2,63.2894,60.0,3.2894,1,1,1,0.3151850000722334,13,56,315
P01,0,1,20260611,190320,49,7,2,60.1407,0.0094,60.0,0.1407,1,0,0,0.3322219999972731,24,159,2,59.4094,60.0,0.5906,0,0,1,0.3468557000160217,13,56,316
P01,0,1,20260611,190323,50,7,2,61.97,0.1313,60.0,1.97,1,0,0,0.2648170000175014,24,159,2,60.1407,60.0,0.1407,1,0,0,0.3322219999972731,13,56,317
P01,0,1,20260611,190325,51,7,2,61.6676,0.1112,60.0,1.6676,1,0,0,0.23293729999568313,24,159,2,61.97,60.0,1.97,1,0,0,0.2648170000175014,13,56,318
P01,0,1,20260611,190326,52,7,2,65.0549,0.337,60.0,5.0549,1,0,0,0.24834659998305142,24,159,2,61.6676,60.0,1.6676,1,0,0,0.2329372999956831,13,56,319
P01,0,1,20260611,190328,53,7,2,69.111,0.6074,60.0,9.111,1,0,0,0.3167560000438243,24,159,2,65.0549,60.0,5.0549,1,0,0,0.2483465999830514,13,56,320
P01,0,1,20260611,190331,54,7,2,65.2437,0.3496,60.0,5.2437,1,0,0,0.3833788000047207,24,159,2,69.111,60.0,9.111,1,0,0,0.3167560000438243,13,56,321
P01,0,1,20260611,190333,55,7,2,62.0244,0.135,60.0,2.0244,1,0,0,0.2984522000188008,24,159,2,65.2437,60.0,5.2437,1,0,0,0.3833788000047207,13,56,322
P01,0,1,20260611,190339,56,7,2,58.3153,-0.1123,60.0,1.6847,0,0,1,0.38160490000154823,25,160,2,62.0244,60.0,2.0244,1,0,0,0.2984522000188008,13,56,323
P01,0,1,20260611,190341,1,8,2,62.2549,0.1503,60.0,2.2549,1,0,0,0.2812998000299558,0,160,2,58.3153,60.0,1.6847,0,0,1,0.3816049000015482,13,58,324
P01,0,1,20260611,190343,2,8,2,62.5864,0.1724,60.0,2.5864,1,0,0,0.5330348999705166,0,160,2,62.2549,60.0,2.2549,1,0,0,0.2812998000299558,13,58,325
P01,0,1,20260611,190345,3,8,2,53.5467,-0.4302,60.0,6.4533,0,0,1,0.7662138999439776,1,161,2,62.5864,60.0,2.5864,1,0,0,0.5330348999705166,13,58,326
P01,0,1,20260611,190348,4,8,2,67.6904,0.5127,60.0,7.6904,1,1,1,0.6981941000558436,2,162,2,53.5467,60.0,6.4533,0,0,1,0.7662138999439776,13,58,327
P01,0,1,20260611,190351,5,8,2,62.2103,0.1474,60.0,2.2103,1,1,1,0.24896769993938506,3,163,2,67.6904,60.0,7.6904,1,1,1,0.6981941000558436,13,58,328
P01,0,1,20260611,190352,6,8,2,64.2878,0.2859,60.0,4.2878,1,0,0,0.8813190000364557,3,163,2,62.2103,60.0,2.2103,1,1,1,0.248967699939385,13,58,329
P01,0,1,20260611,190355,7,8,2,59.6147,-0.0257,60.0,0.3853,0,1,0,0.29868569993413985,3,163,2,64.2878,60.0,4.2878,1,0,0,0.8813190000364557,13,58,330
P01,0,1,20260611,190357,8,8,2,53.4542,-0.4364,60.0,6.5458,0,1,0,0.3325254999799654,3,163,2,59.6147,60.0,0.3853,0,1,0,0.2986856999341398,13,58,331
P01,0,1,20260611,190359,9,8,2,48.1956,-0.787,60.0,11.8044,0,1,0,0.4487397000193596,3,163,2,53.4542,60.0,6.5458,0,1,0,0.3325254999799654,13,58,332
P01,0,1,20260611,190402,10,8,2,55.2231,-0.3185,60.0,4.7769,0,0,1,0.414856499992311,4,164,2,48.1956,60.0,11.8044,0,1,0,0.4487397000193596,13,58,333
P01,0,1,20260611,190404,11,8,2,56.5461,-0.2303,60.0,3.4539,0,1,0,0.36589699995238334,4,164,2,55.2231,60.0,4.7769,0,0,1,0.414856499992311,13,58,334
P01,0,1,20260611,190406,12,8,2,64.1182,0.2745,60.0,4.1182,1,1,1,0.2983349999412894,5,165,2,56.5461,60.0,3.4539,0,1,0,0.3658969999523833,13,58,335
P01,0,1,20260611,190408,13,8,2,61.7951,0.1197,60.0,1.7951,1,1,1,0.2640100000426173,6,166,2,64.1182,60.0,4.1182,1,1,1,0.2983349999412894,13,58,336
P01,0,1,20260611,190410,14,8,2,53.8962,-0.4069,60.0,6.1038,0,1,0,0.24876909994054586,6,166,2,61.7951,60.0,1.7951,1,1,1,0.2640100000426173,13,58,337
P01,0,1,20260611,190412,15,8,2,55.1009,-0.3266,60.0,4.8991,0,0,1,0.382774900062941,7,167,2,53.8962,60.0,6.1038,0,1,0,0.2487690999405458,13,58,338
P01,0,1,20260611,190414,16,8,2,54.8069,-0.3462,60.0,5.1931,0,0,1,0.3652088000671938,8,168,2,55.1009,60.0,4.8991,0,0,1,0.382774900062941,13,58,339
P01,0,1,20260611,190418,17,8,2,54.6861,-0.3543,60.0,5.3139,0,1,0,0.6668312000110745,8,168,2,54.8069,60.0,5.1931,0,0,1,0.3652088000671938,13,58,340
P01,0,1,20260611,190421,18,8,2,67.4512,0.4967,60.0,7.4512,1,0,0,0.44933110009878874,8,168,2,54.6861,60.0,5.3139,0,1,0,0.6668312000110745,13,58,341
P01,0,1,20260611,190423,19,8,2,53.9841,-0.4011,60.0,6.0159,0,1,0,0.19948890001978725,8,168,2,67.4512,60.0,7.4512,1,0,0,0.4493311000987887,13,58,342
P01,0,1,20260611,190425,20,8,2,74.9092,0.9939,60.0,14.9092,1,1,1,0.21492729999590665,9,169,2,53.9841,60.0,6.0159,0,1,0,0.1994889000197872,13,58,343
P01,0,1,20260611,190427,21,8,2,62.5414,0.1694,60.0,2.5414,1,1,1,0.7000800999812782,10,170,2,74.9092,60.0,14.9092,1,1,1,0.2149272999959066,13,58,344
P01,0,1,20260611,190429,22,8,2,68.5266,0.5684,60.0,8.5266,1,1,1,0.5496539999730885,11,171,2,62.5414,60.0,2.5414,1,1,1,0.7000800999812782,13,58,345
P01,0,1,20260611,190431,23,8,2,61.5553,0.1037,60.0,1.5553,1,1,1,0.5844307999359444,12,172,2,68.5266,60.0,8.5266,1,1,1,0.5496539999730885,13,58,346
P01,0,1,20260611,190433,24,8,2,58.9833,-0.0678,60.0,1.0167,0,1,0,0.5009193000150844,12,172,2,61.5553,60.0,1.5553,1,1,1,0.5844307999359444,13,58,347
P01,0,1,20260611,190436,25,8,2,51.8609,-0.5426,60.0,8.1391,0,1,0,0.9835887999506667,12,172,2,58.9833,60.0,1.0167,0,1,0,0.5009193000150844,13,58,348
P01,0,1,20260611,190438,26,8,2,65.8031,0.3869,60.0,5.8031,1,0,0,1.9342041000491008,12,172,2,51.8609,60.0,8.1391,0,1,0,0.9835887999506668,13,58,349
P01,0,1,20260611,190442,27,8,2,68.7062,0.5804,60.0,8.7062,1,1,1,2.302319100010209,13,173,2,65.8031,60.0,5.8031,1,0,0,1.9342041000491008,13,58,350
P01,0,1,20260611,190447,28,8,2,45.1458,-0.9903,60.0,14.8542,0,0,1,0.647674800013192,14,174,2,68.7062,60.0,8.7062,1,1,1,2.302319100010209,13,58,351
P01,0,1,20260611,190449,29,8,2,66.1685,0.4112,60.0,6.1685,1,0,0,0.9670679999981076,14,174,2,45.1458,60.0,14.8542,0,0,1,0.647674800013192,13,58,352
P01,0,1,20260611,190451,30,8,2,59.1604,-0.056,60.0,0.8396,0,1,0,1.0152505999431014,14,174,2,66.1685,60.0,6.1685,1,0,0,0.9670679999981076,13,58,353
P01,0,1,20260611,190454,31,8,2,65.6907,0.3794,60.0,5.6907,1,0,0,0.6674518999643624,14,174,2,59.1604,60.0,0.8396,0,1,0,1.0152505999431014,13,58,354
P01,0,1,20260611,190456,32,8,2,60.855,0.057,60.0,0.855,1,0,0,0.4311492000706494,14,174,2,65.6907,60.0,5.6907,1,0,0,0.6674518999643624,13,58,355
P01,0,1,20260611,190459,33,8,2,56.099,-0.2601,60.0,3.901,0,1,0,0.2965546998893842,14,174,2,60.855,60.0,0.855,1,0,0,0.4311492000706494,13,58,356
P01,0,1,20260611,190500,34,8,2,58.2084,-0.1194,60.0,1.7916,0,1,0,0.4321185000007972,14,174,2,56.099,60.0,3.901,0,1,0,0.2965546998893842,13,58,357
P01,0,1,20260611,190502,35,8,2,55.55,-0.2967,60.0,4.45,0,1,0,0.31574029999319464,14,174,2,58.2084,60.0,1.7916,0,1,0,0.4321185000007972,13,58,358
P01,0,1,20260611,190504,36,8,2,66.8984,0.4599,60.0,6.8984,1,1,1,0.43244689994025975,15,175,2,55.55,60.0,4.45,0,1,0,0.3157402999931946,13,58,359
P01,0,1,20260611,190507,37,8,2,55.427,-0.3049,60.0,4.573,0,1,0,0.3328419999452308,15,175,2,66.8984,60.0,6.8984,1,1,1,0.4324468999402597,13,58,360
P01,0,1,20260611,190509,38,8,2,64.9647,0.331,60.0,4.9647,1,1,1,0.38333749992307276,16,176,2,55.427,60.0,4.573,0,1,0,0.3328419999452308,13,58,361
P01,0,1,20260611,190511,39,8,2,58.8095,-0.0794,60.0,1.1905,0,0,1,0.450857000076212,17,177,2,64.9647,60.0,4.9647,1,1,1,0.3833374999230727,13,58,362
P01,0,1,20260611,190513,40,8,2,63.4223,0.2282,60.0,3.4223,1,0,0,0.33010820008348674,17,177,2,58.8095,60.0,1.1905,0,0,1,0.450857000076212,13,58,363
P01,0,1,20260611,190515,41,8,2,68.0606,0.5374,60.0,8.0606,1,0,0,0.2838026999961585,17,177,2,63.4223,60.0,3.4223,1,0,0,0.3301082000834867,13,58,364
P01,0,1,20260611,190517,42,8,2,54.0403,-0.3973,60.0,5.9597,0,0,1,0.2832864000229165,18,178,2,68.0606,60.0,8.0606,1,0,0,0.2838026999961585,13,58,365
P01,0,1,20260611,190519,43,8,2,59.1186,-0.0588,60.0,0.8814,0,1,0,0.3975264999317005,18,178,2,54.0403,60.0,5.9597,0,0,1,0.2832864000229165,13,58,366
P01,0,1,20260611,190521,44,8,2,63.1327,0.2088,60.0,3.1327,1,1,1,0.3329220999730751,19,179,2,59.1186,60.0,0.8814,0,1,0,0.3975264999317005,13,58,367
P01,0,1,20260611,190523,45,8,2,62.3753,0.1584,60.0,2.3753,1,1,1,0.29752739996183664,20,180,2,63.1327,60.0,3.1327,1,1,1,0.3329220999730751,13,58,368
P01,0,1,20260611,190525,46,8,2,57.341,-0.1773,60.0,2.659,0,0,1,0.5156881000148132,21,181,2,62.3753,60.0,2.3753,1,1,1,0.2975273999618366,13,58,369
P01,0,1,20260611,190528,47,8,2,69.4327,0.6288,60.0,9.4327,1,0,0,0.3318678999785334,21,181,2,57.341,60.0,2.659,0,0,1,0.5156881000148132,13,58,370
P01,0,1,20260611,190530,48,8,2,53.4916,-0.4339,60.0,6.5084,0,0,1,0.1994977000867948,22,182,2,69.4327,60.0,9.4327,1,0,0,0.3318678999785334,13,58,371
P01,0,1,20260611,190532,49,8,2,49.3379,-0.7108,60.0,10.6621,0,1,0,0.28112060006242245,22,182,2,53.4916,60.0,6.5084,0,0,1,0.1994977000867948,13,58,372
P01,0,1,20260611,190533,50,8,2,60.0872,0.0058,60.0,0.0872,1,1,1,0.21731500001624227,23,183,2,49.3379,60.0,10.6621,0,1,0,0.2811206000624224,13,58,373
P01,0,1,20260611,190535,51,8,2,72.6375,0.8425,60.0,12.6375,1,1,1,0.28312939999159425,24,184,2,60.0872,60.0,0.0872,1,1,1,0.2173150000162422,13,58,374
P01,0,1,20260611,190537,52,8,2,58.651,-0.0899,60.0,1.349,0,1,0,0.34800939995329827,24,184,2,72.6375,60.0,12.6375,1,1,1,0.2831293999915942,13,58,375
P01,0,1,20260611,190539,53,8,2,45.4477,-0.9702,60.0,14.5523,0,0,1,0.7332837000722066,25,185,2,58.651,60.0,1.349,0,1,0,0.3480093999532982,13,58,376
P01,0,1,20260611,190542,54,8,2,62.0418,0.1361,60.0,2.0418,1,0,0,0.33363429992459714,25,185,2,45.4477,60.0,14.5523,0,0,1,0.7332837000722066,13,58,377
P01,0,1,20260611,190544,55,8,2,59.28,-0.048,60.0,0.72,0,0,1,0.3491026000119746,26,186,2,62.0418,60.0,2.0418,1,0,0,0.3336342999245971,13,58,378
P01,0,1,20260611,190547,56,8,2,64.7002,0.3133,60.0,4.7002,1,1,1,0.21464710007421672,27,187,2,59.28,60.0,0.72,0,0,1,0.3491026000119746,13,58,379
P01,0,1,20260611,190549,57,8,2,50.0568,-0.6629,60.0,9.9432,0,0,1,0.24828509998042136,28,188,2,64.7002,60.0,4.7002,1,1,1,0.2146471000742167,13,58,380
P01,0,1,20260611,190551,58,8,2,49.1802,-0.7213,60.0,10.8198,0,1,0,0.2981649999273941,28,188,2,50.0568,60.0,9.9432,0,0,1,0.2482850999804213,13,58,381
P01,0,1,20260611,190553,1,9,1,72.2042,0.8136,60.0,12.2042,1,0,0,0.36728250002488494,0,188,2,49.1802,60.0,10.8198,0,1,0,0.2981649999273941,13,40,382
P01,0,1,20260611,190556,2,9,1,55.8434,-0.2771,60.0,4.1566,0,1,0,0.5981181000825018,0,188,1,72.2042,60.0,12.2042,1,0,0,0.3672825000248849,13,40,383
P01,0,1,20260611,190558,3,9,1,68.3179,0.5545,60.0,8.3179,1,1,1,0.48184210003819317,1,189,1,55.8434,60.0,4.1566,0,1,0,0.5981181000825018,13,40,384
P01,0,1,20260611,190600,4,9,1,53.6583,-0.4228,60.0,6.3417,0,0,1,0.5150914000114426,2,190,1,68.3179,60.0,8.3179,1,1,1,0.4818421000381931,13,40,385
P01,0,1,20260611,190602,5,9,1,46.8577,-0.8762,60.0,13.1423,0,0,1,0.1988744999980554,3,191,1,53.6583,60.0,6.3417,0,0,1,0.5150914000114426,13,40,386
P01,0,1,20260611,190604,6,9,1,58.9517,-0.0699,60.0,1.0483,0,1,0,0.23307760001625866,3,191,1,46.8577,60.0,13.1423,0,0,1,0.1988744999980554,13,40,387
P01,0,1,20260611,190606,7,9,1,58.7167,-0.0856,60.0,1.2833,0,0,1,0.31546460010576993,4,192,1,58.9517,60.0,1.0483,0,1,0,0.2330776000162586,13,40,388
P01,0,1,20260611,190608,8,9,1,54.3411,-0.3773,60.0,5.6589,0,1,0,0.1834552000509575,4,192,1,58.7167,60.0,1.2833,0,0,1,0.3154646001057699,13,40,389
P01,0,1,20260611,190610,9,9,1,74.6286,0.9752,60.0,14.6286,1,0,0,0.3321599999908358,4,192,1,54.3411,60.0,5.6589,0,1,0,0.1834552000509575,13,40,390
P01,0,1,20260611,190612,10,9,1,59.8564,-0.0096,60.0,0.1436,0,1,0,0.23207039991393685,4,192,1,74.6286,60.0,14.6286,1,0,0,0.3321599999908358,13,40,391
P01,0,1,20260611,190614,11,9,1,71.9788,0.7986,60.0,11.9788,1,0,0,0.23245559993665665,4,192,1,59.8564,60.0,0.1436,0,1,0,0.2320703999139368,13,40,392
P01,0,1,20260611,190616,12,9,1,68.8645,0.591,60.0,8.8645,1,1,1,0.38185210002120584,5,193,1,71.9788,60.0,11.9788,1,0,0,0.2324555999366566,13,40,393
P01,0,1,20260611,190618,13,9,1,71.182,0.7455,60.0,11.182,1,1,1,0.21634759998414665,6,194,1,68.8645,60.0,8.8645,1,1,1,0.3818521000212058,13,40,394
P01,0,1,20260611,190620,14,9,1,52.4143,-0.5057,60.0,7.5857,0,0,1,0.21553200006019324,7,195,1,71.182,60.0,11.182,1,1,1,0.2163475999841466,13,40,395
P01,0,1,20260611,190622,15,9,1,58.4886,-0.1008,60.0,1.5114,0,0,1,0.3497724999906495,8,196,1,52.4143,60.0,7.5857,0,0,1,0.2155320000601932,13,40,396
P01,0,1,20260611,190624,16,9,1,58.9255,-0.0716,60.0,1.0745,0,1,0,0.2654728000052273,8,196,1,58.4886,60.0,1.5114,0,0,1,0.3497724999906495,13,40,397
P01,0,1,20260611,190626,17,9,1,62.1845,0.1456,60.0,2.1845,1,0,0,0.4977962999837473,8,196,1,58.9255,60.0,1.0745,0,1,0,0.2654728000052273,13,40,398
P01,0,1,20260611,190628,18,9,1,68.6735,0.5782,60.0,8.6735,1,1,1,0.3663155999965966,9,197,1,62.1845,60.0,2.1845,1,0,0,0.4977962999837473,13,40,399
P01,0,1,20260611,190630,19,9,1,65.8323,0.3888,60.0,5.8323,1,1,1,0.26656449993606657,10,198,1,68.6735,60.0,8.6735,1,1,1,0.3663155999965966,13,40,400
P01,0,1,20260611,190632,20,9,1,71.9576,0.7972,60.0,11.9576,1,0,0,0.2650686000706628,10,198,1,65.8323,60.0,5.8323,1,1,1,0.2665644999360665,13,40,401
P01,0,1,20260611,190634,21,9,1,72.781,0.8521,60.0,12.781,1,1,1,1.450690499972552,11,199,1,71.9576,60.0,11.9576,1,0,0,0.2650686000706628,13,40,402
P01,0,1,20260611,190638,22,9,1,74.8726,0.9915,60.0,14.8726,1,0,0,0.6659957999363542,11,199,1,72.781,60.0,12.781,1,1,1,1.450690499972552,13,40,403
P01,0,1,20260611,190641,23,9,1,54.6251,-0.3583,60.0,5.3749,0,1,0,0.49796309997327626,11,199,1,74.8726,60.0,14.8726,1,0,0,0.6659957999363542,13,40,404
P01,0,1,20260611,190645,24,9,1,66.662,0.4441,60.0,6.662,1,1,1,0.4838422000175342,12,200,1,54.6251,60.0,5.3749,0,1,0,0.4979630999732762,13,40,405
P01,0,1,20260611,190647,25,9,1,67.8532,0.5235,60.0,7.8532,1,1,1,0.6006641000276431,13,201,1,66.662,60.0,6.662,1,1,1,0.4838422000175342,13,40,406
P01,0,1,20260611,190650,26,9,1,66.4416,0.4294,60.0,6.4416,1,1,1,0.4989383000647649,14,202,1,67.8532,60.0,7.8532,1,1,1,0.6006641000276431,13,40,407
P01,0,1,20260611,190652,27,9,1,61.5407,0.1027,60.0,1.5407,1,0,0,0.26073570002336055,14,202,1,66.4416,60.0,6.4416,1,1,1,0.4989383000647649,13,40,408
P01,0,1,20260611,190654,28,9,1,54.8269,-0.3449,60.0,5.1731,0,1,0,0.3491162999998778,14,202,1,61.5407,60.0,1.5407,1,0,0,0.2607357000233605,13,40,409
P01,0,1,20260611,190656,29,9,1,63.5864,0.2391,60.0,3.5864,1,0,0,0.20019210001919419,14,202,1,54.8269,60.0,5.1731,0,1,0,0.3491162999998778,13,40,410
P01,0,1,20260611,190658,30,9,1,70.1906,0.6794,60.0,10.1906,1,1,1,0.19899369997438043,15,203,1,63.5864,60.0,3.5864,1,0,0,0.2001921000191941,13,40,411
P01,0,1,20260611,190700,31,9,1,64.0699,0.2713,60.0,4.0699,1,0,0,0.1834379000356421,15,203,1,70.1906,60.0,10.1906,1,1,1,0.1989936999743804,13,40,412
P01,0,1,20260611,190701,32,9,1,73.6092,0.9073,60.0,13.6092,1,1,1,0.23400390008464456,16,204,1,64.0699,60.0,4.0699,1,0,0,0.1834379000356421,13,40,413
P01,0,1,20260611,190703,33,9,1,70.2333,0.6822,60.0,10.2333,1,1,1,0.2829116000793874,17,205,1,73.6092,60.0,13.6092,1,1,1,0.2340039000846445,13,40,414
P01,0,1,20260611,190705,34,9,1,59.8096,-0.0127,60.0,0.1904,0,1,0,0.31652230001054704,17,205,1,70.2333,60.0,10.2333,1,1,1,0.2829116000793874,13,40,415
P01,0,1,20260611,190708,35,9,1,47.1108,-0.8593,60.0,12.8892,0,1,0,0.36453769996296614,17,205,1,59.8096,60.0,0.1904,0,1,0,0.316522300010547,13,40,416
P01,0,1,20260611,190710,36,9,1,63.4453,0.2297,60.0,3.4453,1,1,1,0.548891199985519,18,206,1,47.1108,60.0,12.8892,0,1,0,0.3645376999629661,13,40,417
P01,0,1,20260611,190712,37,9,1,62.7439,0.1829,60.0,2.7439,1,0,0,0.39739210007246584,18,206,1,63.4453,60.0,3.4453,1,1,1,0.548891199985519,13,40,418
P01,0,1,20260611,190714,38,9,1,61.5935,0.1062,60.0,1.5935,1,0,0,0.4990680000046268,18,206,1,62.7439,60.0,2.7439,1,0,0,0.3973921000724658,13,40,419
P01,0,1,20260611,190716,39,9,1,64.8331,0.3222,60.0,4.8331,1,1,1,0.4983459999784827,19,207,1,61.5935,60.0,1.5935,1,0,0,0.4990680000046268,13,40,420
P01,0,1,20260611,190719,40,9,1,71.9932,0.7995,60.0,11.9932,1,0,0,0.3319988999282941,19,207,1,64.8331,60.0,4.8331,1,1,1,0.4983459999784827,13,40,421
P01,0,1,20260611,190721,1,10,2,58.2356,-0.1176,60.0,1.7644,0,1,0,0.34712020005099475,0,207,1,71.9932,60.0,11.9932,1,0,0,0.3319988999282941,13,57,422
P01,0,1,20260611,190723,2,10,2,63.7672,0.2511,60.0,3.7672,1,0,0,0.36557669995818287,0,207,2,58.2356,60.0,1.7644,0,1,0,0.3471202000509947,13,57,423
P01,0,1,20260611,190725,3,10,2,53.7044,-0.4197,60.0,6.2956,0,1,0,0.2319627000251785,0,207,2,63.7672,60.0,3.7672,1,0,0,0.3655766999581828,13,57,424
P01,0,1,20260611,190727,4,10,2,65.234,0.3489,60.0,5.234,1,1,1,0.26713030005339533,1,208,2,53.7044,60.0,6.2956,0,1,0,0.2319627000251785,13,57,425
P01,0,1,20260611,190729,5,10,2,49.6057,-0.693,60.0,10.3943,0,1,0,0.20088259992189705,1,208,2,65.234,60.0,5.234,1,1,1,0.2671303000533953,13,57,426
P01,0,1,20260611,190731,6,10,2,65.0924,0.3395,60.0,5.0924,1,1,1,0.26626560010481626,2,209,2,49.6057,60.0,10.3943,0,1,0,0.200882599921897,13,57,427
P01,0,1,20260611,190733,7,10,2,55.9379,-0.2708,60.0,4.0621,0,1,0,0.30124089994933456,2,209,2,65.0924,60.0,5.0924,1,1,1,0.2662656001048162,13,57,428
P01,0,1,20260611,190735,8,10,2,53.9122,-0.4059,60.0,6.0878,0,0,1,0.36613649991340935,3,210,2,55.9379,60.0,4.0621,0,1,0,0.3012408999493345,13,57,429
P01,0,1,20260611,190737,9,10,2,54.3042,-0.3797,60.0,5.6958,0,0,1,0.29946589993778616,4,211,2,53.9122,60.0,6.0878,0,0,1,0.3661364999134093,13,57,430
P01,0,1,20260611,190739,10,10,2,52.1876,-0.5208,60.0,7.8124,0,1,0,0.34954510000534356,4,211,2,54.3042,60.0,5.6958,0,0,1,0.2994658999377861,13,57,431
P01,0,1,20260611,190741,11,10,2,74.2425,0.9495,60.0,14.2425,1,1,1,0.531662099994719,5,212,2,52.1876,60.0,7.8124,0,1,0,0.3495451000053435,13,57,432
P01,0,1,20260611,190743,12,10,2,46.3613,-0.9092,60.0,13.6387,0,0,1,0.4834417999954894,6,213,2,74.2425,60.0,14.2425,1,1,1,0.531662099994719,13,57,433
P01,0,1,20260611,190745,13,10,2,60.6545,0.0436,60.0,0.6545,1,1,1,0.8153756000101566,7,214,2,46.3613,60.0,13.6387,0,0,1,0.4834417999954894,13,57,434
P01,0,1,20260611,190748,14,10,2,52.8413,-0.4772,60.0,7.1587,0,0,1,0.567431699950248,8,215,2,60.6545,60.0,0.6545,1,1,1,0.8153756000101566,13,57,435
P01,0,1,20260611,190751,15,10,2,69.4311,0.6287,60.0,9.4311,1,1,1,2.6672667000675574,9,216,2,52.8413,60.0,7.1587,0,0,1,0.567431699950248,13,57,436
P01,0,1,20260611,190755,16,10,2,51.085,-0.5943,60.0,8.915,0,1,0,0.24986419989727437,9,216,2,69.4311,60.0,9.4311,1,1,1,2.6672667000675574,13,57,437
P01,0,1,20260611,190757,17,10,2,73.7251,0.915,60.0,13.7251,1,0,0,0.31648999999742955,9,216,2,51.085,60.0,8.915,0,1,0,0.2498641998972743,13,57,438
P01,0,1,20260611,190759,18,10,2,64.1167,0.2744,60.0,4.1167,1,0,0,0.28270620002876967,9,216,2,73.7251,60.0,13.7251,1,0,0,0.3164899999974295,13,57,439
P01,0,1,20260611,190801,19,10,2,51.2797,-0.5814,60.0,8.7203,0,-1,-1,-1,9,216,2,64.1167,60.0,4.1167,1,0,0,0.2827062000287696,13,57,440
P01,0,1,20260611,190808,20,10,2,63.9904,0.266,60.0,3.9904,1,1,1,0.28272689995355904,10,217,2,51.2797,60.0,8.7203,0,-1,-1,-1.0,13,57,441
P01,0,1,20260611,190810,21,10,2,46.0423,-0.9305,60.0,13.9577,0,0,1,0.34861270000692457,11,218,2,63.9904,60.0,3.9904,1,1,1,0.282726899953559,13,57,442
P01,0,1,20260611,190812,22,10,2,72.287,0.8191,60.0,12.287,1,1,1,0.33176520001143217,12,219,2,46.0423,60.0,13.9577,0,0,1,0.3486127000069245,13,57,443
P01,0,1,20260611,190814,23,10,2,61.7698,0.118,60.0,1.7698,1,0,0,0.3661219000350684,12,219,2,72.287,60.0,12.287,1,1,1,0.3317652000114321,13,57,444
P01,0,1,20260611,190816,24,10,2,61.9425,0.1295,60.0,1.9425,1,1,1,0.4336201000260189,13,220,2,61.7698,60.0,1.7698,1,0,0,0.3661219000350684,13,57,445
P01,0,1,20260611,190819,25,10,2,64.7142,0.3143,60.0,4.7142,1,0,0,0.28314399998635054,13,220,2,61.9425,60.0,1.9425,1,1,1,0.4336201000260189,13,57,446
P01,0,1,20260611,190821,26,10,2,63.6305,0.242,60.0,3.6305,1,1,1,0.3327996999723837,14,221,2,64.7142,60.0,4.7142,1,0,0,0.2831439999863505,13,57,447
P01,0,1,20260611,190823,27,10,2,55.4981,-0.3001,60.0,4.5019,0,1,0,0.3678849999560043,14,221,2,63.6305,60.0,3.6305,1,1,1,0.3327996999723837,13,57,448
P01,0,1,20260611,190825,28,10,2,56.0042,-0.2664,60.0,3.9958,0,0,1,0.19768590002786368,15,222,2,55.4981,60.0,4.5019,0,1,0,0.3678849999560043,13,57,449
P01,0,1,20260611,190826,29,10,2,62.7369,0.1825,60.0,2.7369,1,1,1,0.23256499995477498,16,223,2,56.0042,60.0,3.9958,0,0,1,0.1976859000278636,13,57,450
P01,0,1,20260611,190828,30,10,2,45.9591,-0.9361,60.0,14.0409,0,0,1,0.5643496999982744,17,224,2,62.7369,60.0,2.7369,1,1,1,0.2325649999547749,13,57,451
P01,0,1,20260611,190830,31,10,2,68.0513,0.5368,60.0,8.0513,1,1,1,0.74926999991294,18,225,2,45.9591,60.0,14.0409,0,0,1,0.5643496999982744,13,57,452
P01,0,1,20260611,190833,32,10,2,57.2622,-0.1825,60.0,2.7378,0,0,1,0.8834978999802843,19,226,2,68.0513,60.0,8.0513,1,1,1,0.74926999991294,13,57,453
P01,0,1,20260611,190835,33,10,2,62.8978,0.1932,60.0,2.8978,1,0,0,0.5667407000437379,19,226,2,57.2622,60.0,2.7378,0,0,1,0.8834978999802843,13,57,454
P01,0,1,20260611,190837,34,10,2,65.3202,0.3547,60.0,5.3202,1,0,0,0.44876589998602867,19,226,2,62.8978,60.0,2.8978,1,0,0,0.5667407000437379,13,57,455
P01,0,1,20260611,190839,35,10,2,51.8862,-0.5409,60.0,8.1138,0,1,0,0.21705119998659939,19,226,2,65.3202,60.0,5.3202,1,0,0,0.4487658999860286,13,57,456
P01,0,1,20260611,190841,36,10,2,66.3342,0.4223,60.0,6.3342,1,0,0,0.41663650004193187,19,226,2,51.8862,60.0,8.1138,0,1,0,0.2170511999865993,13,57,457
P01,0,1,20260611,190843,37,10,2,57.384,-0.1744,60.0,2.616,0,0,1,0.716195399989374,20,227,2,66.3342,60.0,6.3342,1,0,0,0.4166365000419318,13,57,458
P01,0,1,20260611,190845,38,10,2,60.5381,0.0359,60.0,0.5381,1,0,0,0.5004011000273749,20,227,2,57.384,60.0,2.616,0,0,1,0.716195399989374,13,57,459
P01,0,1,20260611,190848,39,10,2,54.6022,-0.3599,60.0,5.3978,0,0,1,0.41674520005472004,21,228,2,60.5381,60.0,0.5381,1,0,0,0.5004011000273749,13,57,460
P01,0,1,20260611,190850,40,10,2,63.1728,0.2115,60.0,3.1728,1,1,1,0.5665926999645308,22,229,2,54.6022,60.0,5.3978,0,0,1,0.41674520005472,13,57,461
P01,0,1,20260611,190852,41,10,2,62.1052,0.1403,60.0,2.1052,1,1,1,0.6335522000445053,23,230,2,63.1728,60.0,3.1728,1,1,1,0.5665926999645308,13,57,462
P01,0,1,20260611,190854,42,10,2,67.729,0.5153,60.0,7.729,1,0,0,0.2995435999473557,23,230,2,62.1052,60.0,2.1052,1,1,1,0.6335522000445053,13,57,463
P01,0,1,20260611,190856,43,10,2,47.0693,-0.862,60.0,12.9307,0,1,0,0.49843040003906935,23,230,2,67.729,60.0,7.729,1,0,0,0.2995435999473557,13,57,464
P01,0,1,20260611,190858,44,10,2,48.9094,-0.7394,60.0,11.0906,0,0,1,0.2975828000344336,24,231,2,47.0693,60.0,12.9307,0,1,0,0.4984304000390693,13,57,465
P01,0,1,20260611,190900,45,10,2,71.4413,0.7628,60.0,11.4413,1,0,0,0.3668608999578282,24,231,2,48.9094,60.0,11.0906,0,0,1,0.2975828000344336,13,57,466
P01,0,1,20260611,190902,46,10,2,62.5799,0.172,60.0,2.5799,1,1,1,0.3665709999622777,25,232,2,71.4413,60.0,11.4413,1,0,0,0.3668608999578282,13,57,467
P01,0,1,20260611,190904,47,10,2,67.0018,0.4668,60.0,7.0018,1,1,1,0.24856330000329763,26,233,2,62.5799,60.0,2.5799,1,1,1,0.3665709999622777,13,57,468
P01,0,1,20260611,190906,48,10,2,67.5298,0.502,60.0,7.5298,1,0,0,0.21548999997321516,26,233,2,67.0018,60.0,7.0018,1,1,1,0.2485633000032976,13,57,469
P01,0,1,20260611,190908,49,10,2,46.1802,-0.9213,60.0,13.8198,0,1,0,0.1982569000683725,26,233,2,67.5298,60.0,7.5298,1,0,0,0.2154899999732151,13,57,470
P01,0,1,20260611,190910,50,10,2,61.1643,0.0776,60.0,1.1643,1,0,0,0.18355610000435263,26,233,2,46.1802,60.0,13.8198,0,1,0,0.1982569000683725,13,57,471
P01,0,1,20260611,190912,51,10,2,70.8461,0.7231,60.0,10.8461,1,0,0,0.3323364000534639,26,233,2,61.1643,60.0,1.1643,1,0,0,0.1835561000043526,13,57,472
P01,0,1,20260611,190914,52,10,2,73.9323,0.9288,60.0,13.9323,1,1,1,0.21574350004084408,27,234,2,70.8461,60.0,10.8461,1,0,0,0.3323364000534639,13,57,473
P01,0,1,20260611,190916,53,10,2,64.1815,0.2788,60.0,4.1815,1,1,1,0.2839428000152111,28,235,2,73.9323,60.0,13.9323,1,1,1,0.215743500040844,13,57,474
P01,0,1,20260611,190918,54,10,2,66.8191,0.4546,60.0,6.8191,1,1,1,0.2494446000782773,29,236,2,64.1815,60.0,4.1815,1,1,1,0.2839428000152111,13,57,475
P01,0,1,20260611,190920,55,10,2,45.5594,-0.9627,60.0,14.4406,0,1,0,0.23269630002323538,29,236,2,66.8191,60.0,6.8191,1,1,1,0.2494446000782773,13,57,476
P01,0,1,20260611,190921,56,10,2,45.7548,-0.9497,60.0,14.2452,0,0,1,0.24846050003543496,30,237,2,45.5594,60.0,14.4406,0,1,0,0.2326963000232353,13,57,477
P01,0,1,20260611,190923,57,10,2,59.2877,-0.0475,60.0,0.7123,0,0,1,0.28146329999435693,31,238,2,45.7548,60.0,14.2452,0,0,1,0.2484605000354349,13,57,478
P01,0,1,20260611,190926,1,11,1,60.5665,0.0378,60.0,0.5665,1,1,1,0.2976344000780955,1,239,2,59.2877,60.0,0.7123,0,0,1,0.2814632999943569,13,51,479
P01,0,1,20260611,190927,2,11,1,61.5798,0.1053,60.0,1.5798,1,0,0,0.23213050002232194,1,239,1,60.5665,60.0,0.5665,1,1,1,0.2976344000780955,13,51,480
P01,0,1,20260611,190929,3,11,1,57.5837,-0.1611,60.0,2.4163,0,0,1,0.43374539993237704,2,240,1,61.5798,60.0,1.5798,1,0,0,0.2321305000223219,13,51,481
P01,0,1,20260611,190931,4,11,1,67.7617,0.5174,60.0,7.7617,1,1,1,0.3143884000601247,3,241,1,57.5837,60.0,2.4163,0,0,1,0.433745399932377,13,51,482
P01,0,1,20260611,190934,5,11,1,64.7932,0.3195,60.0,4.7932,1,1,1,0.3663851000601426,4,242,1,67.7617,60.0,7.7617,1,1,1,0.3143884000601247,13,51,483
P01,0,1,20260611,190936,6,11,1,71.7041,0.7803,60.0,11.7041,1,1,1,0.28360180009622127,5,243,1,64.7932,60.0,4.7932,1,1,1,0.3663851000601426,13,51,484
P01,0,1,20260611,190938,7,11,1,72.1768,0.8118,60.0,12.1768,1,1,1,0.19852249999530613,6,244,1,71.7041,60.0,11.7041,1,1,1,0.2836018000962212,13,51,485
P01,0,1,20260611,190939,8,11,1,50.0565,-0.6629,60.0,9.9435,0,1,0,0.1985941999591887,6,244,1,72.1768,60.0,12.1768,1,1,1,0.1985224999953061,13,51,486
P01,0,1,20260611,190941,9,11,1,65.0438,0.3363,60.0,5.0438,1,0,0,0.19832369999494404,6,244,1,50.0565,60.0,9.9435,0,1,0,0.1985941999591887,13,51,487
P01,0,1,20260611,190943,10,11,1,53.0162,-0.4656,60.0,6.9838,0,0,1,0.2995496999938041,7,245,1,65.0438,60.0,5.0438,1,0,0,0.198323699994944,13,51,488
P01,0,1,20260611,190945,11,11,1,58.6101,-0.0927,60.0,1.3899,0,1,0,0.26688380003906786,7,245,1,53.0162,60.0,6.9838,0,0,1,0.2995496999938041,13,51,489
P01,0,1,20260611,190947,12,11,1,59.911,-0.0059,60.0,0.089,0,0,1,0.2491866999771446,8,246,1,58.6101,60.0,1.3899,0,1,0,0.2668838000390678,13,51,490
P01,0,1,20260611,190949,13,11,1,56.5297,-0.2314,60.0,3.4703,0,0,1,0.2318185999756679,9,247,1,59.911,60.0,0.089,0,0,1,0.2491866999771446,13,51,491
P01,0,1,20260611,190951,14,11,1,66.6933,0.4462,60.0,6.6933,1,1,1,0.44957000005524606,10,248,1,56.5297,60.0,3.4703,0,0,1,0.2318185999756679,13,51,492
P01,0,1,20260611,190953,15,11,1,59.1814,-0.0546,60.0,0.8186,0,1,0,0.39821729995310307,10,248,1,66.6933,60.0,6.6933,1,1,1,0.449570000055246,13,51,493
P01,0,1,20260611,190955,16,11,1,68.3837,0.5589,60.0,8.3837,1,1,1,0.21713949996046722,11,249,1,59.1814,60.0,0.8186,0,1,0,0.398217299953103,13,51,494
P01,0,1,20260611,190957,17,11,1,57.1222,-0.1919,60.0,2.8778,0,0,1,0.3498586999485269,12,250,1,68.3837,60.0,8.3837,1,1,1,0.2171394999604672,13,51,495
P01,0,1,20260611,190959,18,11,1,55.1057,-0.3263,60.0,4.8943,0,0,1,0.3329970999620855,13,251,1,57.1222,60.0,2.8778,0,0,1,0.3498586999485269,13,51,496
P01,0,1,20260611,191001,19,11,1,65.9178,0.3945,60.0,5.9178,1,1,1,0.23290820000693202,14,252,1,55.1057,60.0,4.8943,0,0,1,0.3329970999620855,13,51,497
P01,0,1,20260611,191003,20,11,1,56.5511,-0.2299,60.0,3.4489,0,0,1,0.36426289996597916,15,253,1,65.9178,60.0,5.9178,1,1,1,0.232908200006932,13,51,498
P01,0,1,20260611,191005,21,11,1,71.6909,0.7794,60.0,11.6909,1,0,0,0.36557969998102635,15,253,1,56.5511,60.0,3.4489,0,0,1,0.3642628999659791,13,51,499
P01,0,1,20260611,191007,22,11,1,48.4132,-0.7725,60.0,11.5868,0,0,1,0.24934679991565645,16,254,1,71.6909,60.0,11.6909,1,0,0,0.3655796999810263,13,51,500
P01,0,1,20260611,191009,23,11,1,53.132,-0.4579,60.0,6.868,0,1,0,0.3156900000758469,16,254,1,48.4132,60.0,11.5868,0,0,1,0.2493467999156564,13,51,501
P01,0,1,20260611,191011,24,11,1,63.5618,0.2375,60.0,3.5618,1,1,1,0.3826534999534488,17,255,1,53.132,60.0,6.868,0,1,0,0.3156900000758469,13,51,502
P01,0,1,20260611,191013,25,11,1,70.2743,0.685,60.0,10.2743,1,1,1,0.31321019993629307,18,256,1,63.5618,60.0,3.5618,1,1,1,0.3826534999534488,13,51,503
P01,0,1,20260611,191015,26,11,1,45.6202,-0.9587,60.0,14.3798,0,1,0,0.21553909999784082,18,256,1,70.2743,60.0,10.2743,1,1,1,0.313210199936293,13,51,504
P01,0,1,20260611,191016,27,11,1,50.894,-0.6071,60.0,9.106,0,1,0,0.3650238000554964,18,256,1,45.6202,60.0,14.3798,0,1,0,0.2155390999978408,13,51,505
P01,0,1,20260611,191019,28,11,1,67.8851,0.5257,60.0,7.8851,1,1,1,0.46632160001900047,19,257,1,50.894,60.0,9.106,0,1,0,0.3650238000554964,13,51,506
P01,0,1,20260611,191021,29,11,1,64.2753,0.285,60.0,4.2753,1,0,0,0.2656951999524608,19,257,1,67.8851,60.0,7.8851,1,1,1,0.4663216000190004,13,51,507
P01,0,1,20260611,191023,30,11,1,61.0104,0.0674,60.0,1.0104,1,0,0,0.28334810002706945,19,257,1,64.2753,60.0,4.2753,1,0,0,0.2656951999524608,13,51,508
P01,0,1,20260611,191025,31,11,1,58.1707,-0.122,60.0,1.8293,0,1,0,0.332605000003241,19,257,1,61.0104,60.0,1.0104,1,0,0,0.2833481000270694,13,51,509
P01,0,1,20260611,191027,32,11,1,57.9508,-0.1366,60.0,2.0492,0,0,1,0.19892709993291646,20,258,1,58.1707,60.0,1.8293,0,1,0,0.332605000003241,13,51,510
P01,0,1,20260611,191029,33,11,1,74.6419,0.9761,60.0,14.6419,1,0,0,0.21559419995173812,20,258,1,57.9508,60.0,2.0492,0,0,1,0.1989270999329164,13,51,511
P01,0,1,20260611,191031,34,11,1,54.395,-0.3737,60.0,5.605,0,1,0,0.43384230008814484,20,258,1,74.6419,60.0,14.6419,1,0,0,0.2155941999517381,13,51,512
P01,0,1,20260611,191033,35,11,1,67.1219,0.4748,60.0,7.1219,1,1,1,0.28225610009394586,21,259,1,54.395,60.0,5.605,0,1,0,0.4338423000881448,13,51,513
P01,0,1,20260611,191035,36,11,1,56.4279,-0.2381,60.0,3.5721,0,1,0,0.31405150005593896,21,259,1,67.1219,60.0,7.1219,1,1,1,0.2822561000939458,13,51,514
P01,0,1,20260611,191037,37,11,1,58.0268,-0.1315,60.0,1.9732,0,0,1,0.31461749994196,22,260,1,56.4279,60.0,3.5721,0,1,0,0.3140515000559389,13,51,515
P01,0,1,20260611,191039,38,11,1,52.9377,-0.4708,60.0,7.0623,0,1,0,0.5156588000245392,22,260,1,58.0268,60.0,1.9732,0,0,1,0.31461749994196,13,51,516
P01,0,1,20260611,191042,39,11,1,67.5903,0.506,60.0,7.5903,1,0,0,0.4167676999932155,22,260,1,52.9377,60.0,7.0623,0,1,0,0.5156588000245392,13,51,517
P01,0,1,20260611,191044,40,11,1,70.1079,0.6739,60.0,10.1079,1,0,0,0.2969630000879988,22,260,1,67.5903,60.0,7.5903,1,0,0,0.4167676999932155,13,51,518
P01,0,1,20260611,191046,41,11,1,60.7055,0.047,60.0,0.7055,1,1,1,0.4162819000193849,23,261,1,70.1079,60.0,10.1079,1,0,0,0.2969630000879988,13,51,519
P01,0,1,20260611,191048,42,11,1,64.9294,0.3286,60.0,4.9294,1,1,1,0.2982026000972837,24,262,1,60.7055,60.0,0.7055,1,1,1,0.4162819000193849,13,51,520
P01,0,1,20260611,191050,43,11,1,69.7822,0.6521,60.0,9.7822,1,0,0,0.31515269994270056,24,262,1,64.9294,60.0,4.9294,1,1,1,0.2982026000972837,13,51,521
P01,0,1,20260611,191052,44,11,1,56.1391,-0.2574,60.0,3.8609,0,1,0,0.3651776999467984,24,262,1,69.7822,60.0,9.7822,1,0,0,0.3151526999427005,13,51,522
P01,0,1,20260611,191054,45,11,1,55.4519,-0.3032,60.0,4.5481,0,1,0,0.2328906999900937,24,262,1,56.1391,60.0,3.8609,0,1,0,0.3651776999467984,13,51,523
P01,0,1,20260611,191056,46,11,1,59.3898,-0.0407,60.0,0.6102,0,0,1,0.43021040002349764,25,263,1,55.4519,60.0,4.5481,0,1,0,0.2328906999900937,13,51,524
P01,0,1,20260611,191059,47,11,1,64.6287,0.3086,60.0,4.6287,1,0,0,0.23314649995882064,25,263,1,59.3898,60.0,0.6102,0,0,1,0.4302104000234976,13,51,525
P01,0,1,20260611,191101,48,11,1,68.424,0.5616,60.0,8.424,1,1,1,0.3162321000127122,26,264,1,64.6287,60.0,4.6287,1,0,0,0.2331464999588206,13,51,526
P01,0,1,20260611,191103,49,11,1,53.7579,-0.4161,60.0,6.2421,0,0,1,0.5498670999659225,27,265,1,68.424,60.0,8.424,1,1,1,0.3162321000127122,13,51,527
P01,0,1,20260611,191105,50,11,1,71.7903,0.786,60.0,11.7903,1,1,1,0.48361019999720156,28,266,1,53.7579,60.0,6.2421,0,0,1,0.5498670999659225,13,51,528
P01,0,1,20260611,191108,51,11,1,68.6787,0.5786,60.0,8.6787,1,0,0,0.5313193999463692,28,266,1,71.7903,60.0,11.7903,1,1,1,0.4836101999972015,13,51,529
P01,0,1,20260611,191110,1,12,2,70.3347,0.689,60.0,10.3347,1,0,0,0.2978405000176281,0,266,1,68.6787,60.0,8.6787,1,0,0,0.5313193999463692,13,42,530
P01,0,1,20260611,191112,2,12,2,62.9482,0.1965,60.0,2.9482,1,0,0,0.36772750003729016,0,266,2,70.3347,60.0,10.3347,1,0,0,0.2978405000176281,13,42,531
P01,0,1,20260611,191114,3,12,2,58.1208,-0.1253,60.0,1.8792,0,0,1,0.28256139997392893,1,267,2,62.9482,60.0,2.9482,1,0,0,0.3677275000372901,13,42,532
P01,0,1,20260611,191116,4,12,2,51.044,-0.5971,60.0,8.956,0,1,0,0.28197479993104935,1,267,2,58.1208,60.0,1.8792,0,0,1,0.2825613999739289,13,42,533
P01,0,1,20260611,191119,5,12,2,54.3953,-0.3736,60.0,5.6047,0,0,1,1.082020999980159,2,268,2,51.044,60.0,8.956,0,1,0,0.2819747999310493,13,42,534
P01,0,1,20260611,191122,6,12,2,60.6891,0.0459,60.0,0.6891,1,1,1,0.33319110004231334,3,269,2,54.3953,60.0,5.6047,0,0,1,1.082020999980159,13,42,535
P01,0,1,20260611,191124,7,12,2,55.6983,-0.2868,60.0,4.3017,0,1,0,0.3333286999259144,3,269,2,60.6891,60.0,0.6891,1,1,1,0.3331911000423133,13,42,536
P01,0,1,20260611,191126,8,12,2,45.5793,-0.9614,60.0,14.4207,0,0,1,0.38242779998108745,4,270,2,55.6983,60.0,4.3017,0,1,0,0.3333286999259144,13,42,537
P01,0,1,20260611,191128,9,12,2,62.3337,0.1556,60.0,2.3337,1,0,0,0.29903830005787313,4,270,2,45.5793,60.0,14.4207,0,0,1,0.3824277999810874,13,42,538
P01,0,1,20260611,191130,10,12,2,74.114,0.9409,60.0,14.114,1,0,0,0.39991749997716397,4,270,2,62.3337,60.0,2.3337,1,0,0,0.2990383000578731,13,42,539
P01,0,1,20260611,191132,11,12,2,57.8441,-0.1437,60.0,2.1559,0,1,0,0.33186879998538643,4,270,2,74.114,60.0,14.114,1,0,0,0.3999174999771639,13,42,540
P01,0,1,20260611,191134,12,12,2,49.4885,-0.7008,60.0,10.5115,0,0,1,0.3812805999768898,5,271,2,57.8441,60.0,2.1559,0,1,0,0.3318687999853864,13,42,541
P01,0,1,20260611,191136,13,12,2,47.6237,-0.8251,60.0,12.3763,0,1,0,0.18510880006942898,5,271,2,49.4885,60.0,10.5115,0,0,1,0.3812805999768898,13,42,542
P01,0,1,20260611,191138,14,12,2,66.5674,0.4378,60.0,6.5674,1,0,0,0.2979531999444589,5,271,2,47.6237,60.0,12.3763,0,1,0,0.1851088000694289,13,42,543
P01,0,1,20260611,191140,15,12,2,49.9393,-0.6707,60.0,10.0607,0,1,0,0.3825813999865204,5,271,2,66.5674,60.0,6.5674,1,0,0,0.2979531999444589,13,42,544
P01,0,1,20260611,191142,16,12,2,58.5076,-0.0995,60.0,1.4924,0,0,1,0.35044069995637983,6,272,2,49.9393,60.0,10.0607,0,1,0,0.3825813999865204,13,42,545
P01,0,1,20260611,191144,17,12,2,50.1602,-0.656,60.0,9.8398,0,0,1,0.38107869995292276,7,273,2,58.5076,60.0,1.4924,0,0,1,0.3504406999563798,13,42,546
P01,0,1,20260611,191146,18,12,2,49.7504,-0.6833,60.0,10.2496,0,0,1,0.4316809999290854,8,274,2,50.1602,60.0,9.8398,0,0,1,0.3810786999529227,13,42,547
P01,0,1,20260611,191148,19,12,2,72.4385,0.8292,60.0,12.4385,1,1,1,0.8141552000306547,9,275,2,49.7504,60.0,10.2496,0,0,1,0.4316809999290854,13,42,548
P01,0,1,20260611,191150,20,12,2,57.9477,-0.1368,60.0,2.0523,0,0,1,1.4980839000781998,10,276,2,72.4385,60.0,12.4385,1,1,1,0.8141552000306547,13,42,549
P01,0,1,20260611,191153,21,12,2,45.8754,-0.9416,60.0,14.1246,0,1,0,0.6513297000201419,10,276,2,57.9477,60.0,2.0523,0,0,1,1.4980839000781998,13,42,550
P01,0,1,20260611,191156,22,12,2,46.5401,-0.8973,60.0,13.4599,0,0,1,0.38146890001371503,11,277,2,45.8754,60.0,14.1246,0,1,0,0.6513297000201419,13,42,551
P01,0,1,20260611,191158,23,12,2,56.8277,-0.2115,60.0,3.1723,0,0,1,0.31516040000133216,12,278,2,46.5401,60.0,13.4599,0,0,1,0.381468900013715,13,42,552
P01,0,1,20260611,191200,24,12,2,59.6988,-0.0201,60.0,0.3012,0,0,1,0.2662626000819728,13,279,2,56.8277,60.0,3.1723,0,0,1,0.3151604000013321,13,42,553
P01,0,1,20260611,191201,25,12,2,62.7275,0.1818,60.0,2.7275,1,1,1,0.2007318000542,14,280,2,59.6988,60.0,0.3012,0,0,1,0.2662626000819728,13,42,554
P01,0,1,20260611,191203,26,12,2,65.3599,0.3573,60.0,5.3599,1,1,1,0.23237119999248534,15,281,2,62.7275,60.0,2.7275,1,1,1,0.2007318000542,13,42,555
P01,0,1,20260611,191205,27,12,2,64.4175,0.2945,60.0,4.4175,1,1,1,0.46465699991676956,16,282,2,65.3599,60.0,5.3599,1,1,1,0.2323711999924853,13,42,556
P01,0,1,20260611,191207,28,12,2,65.2617,0.3508,60.0,5.2617,1,1,1,0.23312230000738055,17,283,2,64.4175,60.0,4.4175,1,1,1,0.4646569999167695,13,42,557
P01,0,1,20260611,191209,29,12,2,64.4696,0.298,60.0,4.4696,1,1,1,0.2644152999855578,18,284,2,65.2617,60.0,5.2617,1,1,1,0.2331223000073805,13,42,558
P01,0,1,20260611,191211,30,12,2,60.3269,0.0218,60.0,0.3269,1,1,1,0.39920230000279844,19,285,2,64.4696,60.0,4.4696,1,1,1,0.2644152999855578,13,42,559
P01,0,1,20260611,191213,31,12,2,70.4345,0.6956,60.0,10.4345,1,1,1,0.1810553000541404,20,286,2,60.3269,60.0,0.3269,1,1,1,0.3992023000027984,13,42,560
P01,0,1,20260611,191215,32,12,2,62.4791,0.1653,60.0,2.4791,1,1,1,0.19974399998318404,21,287,2,70.4345,60.0,10.4345,1,1,1,0.1810553000541404,13,42,561
P01,0,1,20260611,191217,33,12,2,63.385,0.2257,60.0,3.385,1,0,0,0.26559870003256947,21,287,2,62.4791,60.0,2.4791,1,1,1,0.199743999983184,13,42,562
P01,0,1,20260611,191219,34,12,2,65.6938,0.3796,60.0,5.6938,1,1,1,0.9005502000218257,22,288,2,63.385,60.0,3.385,1,0,0,0.2655987000325694,13,42,563
P01,0,1,20260611,191221,35,12,2,59.3461,-0.0436,60.0,0.6539,0,0,1,0.4151945000048727,23,289,2,65.6938,60.0,5.6938,1,1,1,0.9005502000218257,13,42,564
P01,0,1,20260611,191223,36,12,2,63.0053,0.2004,60.0,3.0053,1,0,0,0.23206770000979304,23,289,2,59.3461,60.0,0.6539,0,0,1,0.4151945000048727,13,42,565
P01,0,1,20260611,191226,37,12,2,58.178,-0.1215,60.0,1.822,0,0,1,0.26462619996163994,24,290,2,63.0053,60.0,3.0053,1,0,0,0.232067700009793,13,42,566
P01,0,1,20260611,191228,38,12,2,59.4465,-0.0369,60.0,0.5535,0,1,0,0.34900029993150383,24,290,2,58.178,60.0,1.822,0,0,1,0.2646261999616399,13,42,567
P01,0,1,20260611,191230,39,12,2,67.8729,0.5249,60.0,7.8729,1,0,0,0.5332056999905035,24,290,2,59.4465,60.0,0.5535,0,1,0,0.3490002999315038,13,42,568
P01,0,1,20260611,191232,40,12,2,56.2769,-0.2482,60.0,3.7231,0,0,1,0.9817285999888554,25,291,2,67.8729,60.0,7.8729,1,0,0,0.5332056999905035,13,42,569
P01,0,1,20260611,191235,41,12,2,55.133,-0.3245,60.0,4.867,0,1,0,0.2502545000752434,25,291,2,56.2769,60.0,3.7231,0,0,1,0.9817285999888554,13,42,570
P01,0,1,20260611,191237,42,12,2,60.1748,0.0117,60.0,0.1748,1,0,0,0.3830814999528229,25,291,2,55.133,60.0,4.867,0,1,0,0.2502545000752434,13,42,571
P01,0,1,20260611,191239,1,13,2,55.4623,-0.3025,60.0,4.5377,0,1,0,0.4659962001023814,0,291,2,60.1748,60.0,0.1748,1,0,0,0.3830814999528229,13,59,572
P01,0,1,20260611,191241,2,13,2,72.8318,0.8555,60.0,12.8318,1,1,1,0.6004145999904722,1,292,2,55.4623,60.0,4.5377,0,1,0,0.4659962001023814,13,59,573
P01,0,1,20260611,191244,3,13,2,60.1843,0.0123,60.0,0.1843,1,1,1,0.4659747000550851,2,293,2,72.8318,60.0,12.8318,1,1,1,0.6004145999904722,13,59,574
P01,0,1,20260611,191246,4,13,2,56.8026,-0.2132,60.0,3.1974,0,0,1,0.3480978000443429,3,294,2,60.1843,60.0,0.1843,1,1,1,0.4659747000550851,13,59,575
P01,0,1,20260611,191248,5,13,2,70.3894,0.6926,60.0,10.3894,1,0,0,0.4010790000902489,3,294,2,56.8026,60.0,3.1974,0,0,1,0.3480978000443429,13,59,576
P01,0,1,20260611,191250,6,13,2,56.5891,-0.2274,60.0,3.4109,0,0,1,0.5654655999969691,4,295,2,70.3894,60.0,10.3894,1,0,0,0.4010790000902489,13,59,577
P01,0,1,20260611,191252,7,13,2,58.7228,-0.0851,60.0,1.2772,0,1,0,0.41790390003006905,4,295,2,56.5891,60.0,3.4109,0,0,1,0.5654655999969691,13,59,578
P01,0,1,20260611,191254,8,13,2,46.987,-0.8675,60.0,13.013,0,1,0,1.0673515000380576,4,295,2,58.7228,60.0,1.2772,0,1,0,0.417903900030069,13,59,579
P01,0,1,20260611,191257,9,13,2,67.3397,0.4893,60.0,7.3397,1,0,0,0.3995471999514848,4,295,2,46.987,60.0,13.013,0,1,0,1.0673515000380576,13,59,580
P01,0,1,20260611,191259,10,13,2,62.132,0.1421,60.0,2.132,1,0,0,0.3175510000437498,4,295,2,67.3397,60.0,7.3397,1,0,0,0.3995471999514848,13,59,581
P01,0,1,20260611,191301,11,13,2,64.4448,0.2963,60.0,4.4448,1,0,0,0.36533739999867976,4,295,2,62.132,60.0,2.132,1,0,0,0.3175510000437498,13,59,582
P01,0,1,20260611,191303,12,13,2,63.7508,0.2501,60.0,3.7508,1,1,1,0.3156073000282049,5,296,2,64.4448,60.0,4.4448,1,0,0,0.3653373999986797,13,59,583
P01,0,1,20260611,191305,13,13,2,45.9872,-0.9342,60.0,14.0128,0,1,0,0.3993627999443561,5,296,2,63.7508,60.0,3.7508,1,1,1,0.3156073000282049,13,59,584
P01,0,1,20260611,191307,14,13,2,62.4809,0.1654,60.0,2.4809,1,0,0,0.2831175000173971,5,296,2,45.9872,60.0,14.0128,0,1,0,0.3993627999443561,13,59,585
P01,0,1,20260611,191309,15,13,2,63.0312,0.2021,60.0,3.0312,1,1,1,0.3346107000252232,6,297,2,62.4809,60.0,2.4809,1,0,0,0.2831175000173971,13,59,586
P01,0,1,20260611,191310,16,13,2,52.1836,-0.5211,60.0,7.8164,0,0,1,0.2329557000193745,7,298,2,63.0312,60.0,3.0312,1,1,1,0.3346107000252232,13,59,587
P01,0,1,20260611,191312,17,13,2,63.6878,0.2459,60.0,3.6878,1,1,1,0.500270799966529,8,299,2,52.1836,60.0,7.8164,0,0,1,0.2329557000193745,13,59,588
P01,0,1,20260611,191315,18,13,2,64.1027,0.2735,60.0,4.1027,1,0,0,0.43476250011008233,8,299,2,63.6878,60.0,3.6878,1,1,1,0.500270799966529,13,59,589
P01,0,1,20260611,191317,19,13,2,49.9256,-0.6716,60.0,10.0744,0,1,0,0.46758140006568283,8,299,2,64.1027,60.0,4.1027,1,0,0,0.4347625001100823,13,59,590
P01,0,1,20260611,191319,20,13,2,60.7314,0.0488,60.0,0.7314,1,1,1,0.3346963000949472,9,300,2,49.9256,60.0,10.0744,0,1,0,0.4675814000656828,13,59,591
P01,0,1,20260611,191321,21,13,2,73.3522,0.8901,60.0,13.3522,1,1,1,0.18194459995720536,10,301,2,60.7314,60.0,0.7314,1,1,1,0.3346963000949472,13,59,592
P01,0,1,20260611,191322,22,13,2,66.2063,0.4138,60.0,6.2063,1,1,1,0.2975707999430597,11,302,2,73.3522,60.0,13.3522,1,1,1,0.1819445999572053,13,59,593
P01,0,1,20260611,191324,23,13,2,58.927,-0.0715,60.0,1.073,0,0,1,0.2317395000718534,12,303,2,66.2063,60.0,6.2063,1,1,1,0.2975707999430597,13,59,594
P01,0,1,20260611,191326,24,13,2,73.4755,0.8984,60.0,13.4755,1,1,1,0.3160813000285998,13,304,2,58.927,60.0,1.073,0,0,1,0.2317395000718534,13,59,595
P01,0,1,20260611,191328,25,13,2,58.1186,-0.1254,60.0,1.8814,0,1,0,0.3494365999940783,13,304,2,73.4755,60.0,13.4755,1,1,1,0.3160813000285998,13,59,596
P01,0,1,20260611,191330,26,13,2,63.3107,0.2207,60.0,3.3107,1,1,1,0.23267470009159297,14,305,2,58.1186,60.0,1.8814,0,1,0,0.3494365999940783,13,59,597
P01,0,1,20260611,191332,27,13,2,51.7405,-0.5506,60.0,8.2595,0,0,1,0.3829432000638917,15,306,2,63.3107,60.0,3.3107,1,1,1,0.2326747000915929,13,59,598
P01,0,1,20260611,191334,28,13,2,48.6854,-0.7543,60.0,11.3146,0,1,0,0.36638849996961653,15,306,2,51.7405,60.0,8.2595,0,0,1,0.3829432000638917,13,59,599
P01,0,1,20260611,191336,29,13,2,60.6096,0.0406,60.0,0.6096,1,0,0,0.3320173999527469,15,306,2,48.6854,60.0,11.3146,0,1,0,0.3663884999696165,13,59,600
P01,0,1,20260611,191338,30,13,2,65.776,0.3851,60.0,5.776,1,0,0,0.2837728000013158,15,306,2,60.6096,60.0,0.6096,1,0,0,0.3320173999527469,13,59,601
P01,0,1,20260611,191340,31,13,2,47.8116,-0.8126,60.0,12.1884,0,0,1,0.350412999978289,16,307,2,65.776,60.0,5.776,1,0,0,0.2837728000013158,13,59,602
P01,0,1,20260611,191342,32,13,2,50.8085,-0.6128,60.0,9.1915,0,1,0,0.2656010000500828,16,307,2,47.8116,60.0,12.1884,0,0,1,0.350412999978289,13,59,603
P01,0,1,20260611,191344,33,13,2,55.6272,-0.2915,60.0,4.3728,0,1,0,0.6018161000683904,16,307,2,50.8085,60.0,9.1915,0,1,0,0.2656010000500828,13,59,604
P01,0,1,20260611,191346,34,13,2,55.4939,-0.3004,60.0,4.5061,0,0,1,0.28239070007111877,17,308,2,55.6272,60.0,4.3728,0,1,0,0.6018161000683904,13,59,605
P01,0,1,20260611,191348,35,13,2,67.9039,0.5269,60.0,7.9039,1,0,0,0.28377989993896335,17,308,2,55.4939,60.0,4.5061,0,0,1,0.2823907000711187,13,59,606
P01,0,1,20260611,191350,36,13,2,66.5317,0.4354,60.0,6.5317,1,1,1,0.19850070006214082,18,309,2,67.9039,60.0,7.9039,1,0,0,0.2837798999389633,13,59,607
P01,0,1,20260611,191352,37,13,2,55.7805,-0.2813,60.0,4.2195,0,0,1,0.2830436999211088,19,310,2,66.5317,60.0,6.5317,1,1,1,0.1985007000621408,13,59,608
P01,0,1,20260611,191354,38,13,2,60.6025,0.0402,60.0,0.6025,1,0,0,0.3327360999537632,19,310,2,55.7805,60.0,4.2195,0,0,1,0.2830436999211088,13,59,609
P01,0,1,20260611,191356,39,13,2,46.2011,-0.9199,60.0,13.7989,0,0,1,0.3662338999565691,20,311,2,60.6025,60.0,0.6025,1,0,0,0.3327360999537632,13,59,610
P01,0,1,20260611,191358,40,13,2,53.2731,-0.4485,60.0,6.7269,0,1,0,0.43113899999298155,20,311,2,46.2011,60.0,13.7989,0,0,1,0.3662338999565691,13,59,611
P01,0,1,20260611,191400,41,13,2,55.7769,-0.2815,60.0,4.2231,0,0,1,0.3002995999995619,21,312,2,53.2731,60.0,6.7269,0,1,0,0.4311389999929815,13,59,612
P01,0,1,20260611,191403,42,13,2,63.0392,0.2026,60.0,3.0392,1,1,1,0.24980350001715124,22,313,2,55.7769,60.0,4.2231,0,0,1,0.3002995999995619,13,59,613
P01,0,1,20260611,191405,43,13,2,61.3743,0.0916,60.0,1.3743,1,0,0,0.24887340003624558,22,313,2,63.0392,60.0,3.0392,1,1,1,0.2498035000171512,13,59,614
P01,0,1,20260611,191407,44,13,2,52.4106,-0.506,60.0,7.5894,0,1,0,0.34898160002194345,22,313,2,61.3743,60.0,1.3743,1,0,0,0.2488734000362455,13,59,615
P01,0,1,20260611,191409,45,13,2,59.2178,-0.0521,60.0,0.7822,0,1,0,0.29765610001049936,22,313,2,52.4106,60.0,7.5894,0,1,0,0.3489816000219434,13,59,616
P01,0,1,20260611,191411,46,13,2,63.6441,0.2429,60.0,3.6441,1,1,1,0.3475498999468982,23,314,2,59.2178,60.0,0.7822,0,1,0,0.2976561000104993,13,59,617
P01,0,1,20260611,191413,47,13,2,72.4366,0.8291,60.0,12.4366,1,1,1,0.41585569991730154,24,315,2,63.6441,60.0,3.6441,1,1,1,0.3475498999468982,13,59,618
P01,0,1,20260611,191415,48,13,2,56.2473,-0.2502,60.0,3.7527,0,0,1,0.38292949995957315,25,316,2,72.4366,60.0,12.4366,1,1,1,0.4158556999173015,13,59,619
P01,0,1,20260611,191417,49,13,2,46.3308,-0.9113,60.0,13.6692,0,1,0,0.3826330000301823,25,316,2,56.2473,60.0,3.7527,0,0,1,0.3829294999595731,13,59,620
P01,0,1,20260611,191419,50,13,2,46.8318,-0.8779,60.0,13.1682,0,1,0,0.46723489998839796,25,316,2,46.3308,60.0,13.6692,0,1,0,0.3826330000301823,13,59,621
P01,0,1,20260611,191422,51,13,2,56.6011,-0.2266,60.0,3.3989,0,0,1,0.28168650006409734,26,317,2,46.8318,60.0,13.1682,0,1,0,0.4672348999883979,13,59,622
P01,0,1,20260611,191424,52,13,2,54.5423,-0.3638,60.0,5.4577,0,1,0,0.3831438000779599,26,317,2,56.6011,60.0,3.3989,0,0,1,0.2816865000640973,13,59,623
P01,0,1,20260611,191426,53,13,2,55.7131,-0.2858,60.0,4.2869,0,0,1,0.39890409994404763,27,318,2,54.5423,60.0,5.4577,0,1,0,0.3831438000779599,13,59,624
P01,0,1,20260611,191428,54,13,2,46.9223,-0.8718,60.0,13.0777,0,1,0,0.2651751999510452,27,318,2,55.7131,60.0,4.2869,0,0,1,0.3989040999440476,13,59,625
P01,0,1,20260611,191430,55,13,2,70.3479,0.6899,60.0,10.3479,1,0,0,0.7002888000570238,27,318,2,46.9223,60.0,13.0777,0,1,0,0.2651751999510452,13,59,626
P01,0,1,20260611,191432,56,13,2,67.0711,0.4714,60.0,7.0711,1,0,0,0.932072399999015,27,318,2,70.3479,60.0,10.3479,1,0,0,0.7002888000570238,13,59,627
P01,0,1,20260611,191438,57,13,2,67.3107,0.4874,60.0,7.3107,1,0,0,0.48050940001849085,27,318,2,67.0711,60.0,7.0711,1,0,0,0.932072399999015,13,59,628
P01,0,1,20260611,191442,58,13,2,49.2382,-0.7175,60.0,10.7618,0,0,1,0.5480647999793291,28,319,2,67.3107,60.0,7.3107,1,0,0,0.4805094000184908,13,59,629
P01,0,1,20260611,191444,59,13,2,46.545,-0.897,60.0,13.455,0,0,1,0.4997870000079274,29,320,2,49.2382,60.0,10.7618,0,0,1,0.5480647999793291,13,59,630
